symbol,exchange,currency,primaryExchange
4DDD,BVME,EUR,BVME
1DDD,BVME,EUR,BVME
2DDD,BVME,EUR,BVME
4MMM,BVME,EUR,BVME
1MMM,BVME,EUR,BVME
2MMM,BVME,EUR,BVME
AIM,BVME,EUR,BVME
AIM2,BVME,EUR,BVME
ABP,BVME,EUR,BVME
A2A,BVME,EUR,BVME
2A2A,BVME,EUR,BVME
1AAK,BVME,EUR,BVME
2AALB,BVME,EUR,BVME
AAT,BVME,EUR,BVME
1ABB,BVME,EUR,BVME
1ABT,BVME,EUR,BVME
1ABBV,BVME,EUR,BVME
4ABBV,BVME,EUR,BVME
2ABBV,BVME,EUR,BVME
ABC,BVME,EUR,BVME
1ANF,BVME,EUR,BVME
ABT,BVME,EUR,BVME
1ACHC,BVME,EUR,BVME
1ACN,BVME,EUR,BVME
1ANA,BVME,EUR,BVME
1ANE,BVME,EUR,BVME
2AC,BVME,EUR,BVME
4AC,BVME,EUR,BVME
ACE,BVME,EUR,BVME
1ACX,BVME,EUR,BVME
AC5,BVME,EUR,BVME
2ACKB,BVME,EUR,BVME
1ACMR,BVME,EUR,BVME
ACQ,BVME,EUR,BVME
1ACS,BVME,EUR,BVME
2ACS,BVME,EUR,BVME
4ACS,BVME,EUR,BVME
1ADDT,BVME,EUR,BVME
1ADEN,BVME,EUR,BVME
1ADS,BVME,EUR,BVME
2ADS,BVME,EUR,BVME
4ADS,BVME,EUR,BVME
4ADJ,BVME,EUR,BVME
1ADJ,BVME,EUR,BVME
2ADJ,BVME,EUR,BVME
2ADBE,BVME,EUR,BVME
1ADBE,BVME,EUR,BVME
4ADBE,BVME,EUR,BVME
2ADPP,BVME,EUR,BVME
1AMD,BVME,EUR,BVME
2AMDV,BVME,EUR,BVME
4AMD,BVME,EUR,BVME
ADV,BVME,EUR,BVME
2ADYEN,BVME,EUR,BVME
4ADYEN,BVME,EUR,BVME
AEDES,BVME,EUR,BVME
2AED,BVME,EUR,BVME
AEF,BVME,EUR,BVME
2AENA,BVME,EUR,BVME
4AENA,BVME,EUR,BVME
1AENA,BVME,EUR,BVME
ADB,BVME,EUR,BVME
1AVAV,BVME,EUR,BVME
1AES,BVME,EUR,BVME
1AFRM,BVME,EUR,BVME
1AFL,BVME,EUR,BVME
1AGS,BVME,EUR,BVME
2AGS,BVME,EUR,BVME
4AGS,BVME,EUR,BVME
4AGFB,BVME,EUR,BVME
1A,BVME,EUR,BVME
2A,BVME,EUR,BVME
4A,BVME,EUR,BVME
4AD,BVME,EUR,BVME
1AD,BVME,EUR,BVME
2AD,BVME,EUR,BVME
4AF,BVME,EUR,BVME
2AF,BVME,EUR,BVME
1AF,BVME,EUR,BVME
2AI,BVME,EUR,BVME
2APD,BVME,EUR,BVME
1APD,BVME,EUR,BVME
4APD,BVME,EUR,BVME
4ABNB,BVME,EUR,BVME
2ABNB,BVME,EUR,BVME
1ABNB,BVME,EUR,BVME
1AIR,BVME,EUR,BVME
2AIR,BVME,EUR,BVME
4AIR,BVME,EUR,BVME
1AIXA,BVME,EUR,BVME
2AIXA,BVME,EUR,BVME
4AIXA,BVME,EUR,BVME
1AKAM,BVME,EUR,BVME
2AKAM,BVME,EUR,BVME
4AKAM,BVME,EUR,BVME
4AKZA,BVME,EUR,BVME
2AKZA,BVME,EUR,BVME
ALA,BVME,EUR,BVME
1ALB,BVME,EUR,BVME
4AA,BVME,EUR,BVME
2AA,BVME,EUR,BVME
1AA,BVME,EUR,BVME
1ALC,BVME,EUR,BVME
ARN,BVME,EUR,BVME
1ALFA,BVME,EUR,BVME
2ALFEN,BVME,EUR,BVME
4ALFEN,BVME,EUR,BVME
ABTG,BVME,EUR,BVME
ALFO,BVME,EUR,BVME
1ALGN,BVME,EUR,BVME
CORE,BVME,EUR,BVME
1ALLE,BVME,EUR,BVME
2ALV,BVME,EUR,BVME
1ALV,BVME,EUR,BVME
4ALV,BVME,EUR,BVME
1ALL,BVME,EUR,BVME
1ALNY,BVME,EUR,BVME
4GOOGL,BVME,EUR,BVME
2GOOGL,BVME,EUR,BVME
1GOOGL,BVME,EUR,BVME
2GOOG,BVME,EUR,BVME
1GOOG,BVME,EUR,BVME
4GOOG,BVME,EUR,BVME
4ALO,BVME,EUR,BVME
2ALO,BVME,EUR,BVME
2ALTA,BVME,EUR,BVME
AGP,BVME,EUR,BVME
2ATE,BVME,EUR,BVME
2ALTR,BVME,EUR,BVME
1MO,BVME,EUR,BVME
4MO,BVME,EUR,BVME
2MO,BVME,EUR,BVME
2AAD,BVME,EUR,BVME
4AAD,BVME,EUR,BVME
1AAD,BVME,EUR,BVME
4AMS,BVME,EUR,BVME
1AMS,BVME,EUR,BVME
2AMS,BVME,EUR,BVME
4AMZN,BVME,EUR,BVME
1AMZN,BVME,EUR,BVME
2AMZN,BVME,EUR,BVME
1AMBA,BVME,EUR,BVME
AMB,BVME,EUR,BVME
2AMC,BVME,EUR,BVME
1AMC,BVME,EUR,BVME
1AMCR,BVME,EUR,BVME
1AMTM,BVME,EUR,BVME
1AEE,BVME,EUR,BVME
1AAL,BVME,EUR,BVME
2AAL,BVME,EUR,BVME
4AAL,BVME,EUR,BVME
1AEO,BVME,EUR,BVME
1AEP,BVME,EUR,BVME
2AXP,BVME,EUR,BVME
1AXP,BVME,EUR,BVME
4AXP,BVME,EUR,BVME
2AIG,BVME,EUR,BVME
4AIG,BVME,EUR,BVME
1AIG,BVME,EUR,BVME
1AMSC,BVME,EUR,BVME
2AMT,BVME,EUR,BVME
1AMT,BVME,EUR,BVME
4AMT,BVME,EUR,BVME
4AWK,BVME,EUR,BVME
1AWK,BVME,EUR,BVME
2AWK,BVME,EUR,BVME
1AMP,BVME,EUR,BVME
1AME,BVME,EUR,BVME
2AMG,BVME,EUR,BVME
2AMGN,BVME,EUR,BVME
4AMGN,BVME,EUR,BVME
1AMGN,BVME,EUR,BVME
4APH,BVME,EUR,BVME
1APH,BVME,EUR,BVME
2APH,BVME,EUR,BVME
2AMP,BVME,EUR,BVME
AMP,BVME,EUR,BVME
1AMSO,BVME,EUR,BVME
2AMUN,BVME,EUR,BVME
4AMUN,BVME,EUR,BVME
1ADI,BVME,EUR,BVME
2ADI,BVME,EUR,BVME
4ADI,BVME,EUR,BVME
1ANDR,BVME,EUR,BVME
1ANGU,BVME,EUR,BVME
1ABI,BVME,EUR,BVME
2ABI,BVME,EUR,BVME
4ABI,BVME,EUR,BVME
ANIM,BVME,EUR,BVME
AV,BVME,EUR,BVME
2ANTIN,BVME,EUR,BVME
1AON,BVME,EUR,BVME
1APA,BVME,EUR,BVME
1APLS,BVME,EUR,BVME
2APAM,BVME,EUR,BVME
1APO,BVME,EUR,BVME
1APPF,BVME,EUR,BVME
4AAPL,BVME,EUR,BVME
1AAPL,BVME,EUR,BVME
2AAPL,BVME,EUR,BVME
1APLD,BVME,EUR,BVME
2AMAT,BVME,EUR,BVME
1AMAT,BVME,EUR,BVME
4AMAT,BVME,EUR,BVME
1AAOI,BVME,EUR,BVME
1APP,BVME,EUR,BVME
ECNL,BVME,EUR,BVME
2ARCAD,BVME,EUR,BVME
4MT,BVME,EUR,BVME
1ACGL,BVME,EUR,BVME
1ADM,BVME,EUR,BVME
2ADM,BVME,EUR,BVME
4ADM,BVME,EUR,BVME
2ARGX,BVME,EUR,BVME
1ANET,BVME,EUR,BVME
ARIS,BVME,EUR,BVME
4AKE,BVME,EUR,BVME
2AKE,BVME,EUR,BVME
1AT1,BVME,EUR,BVME
ARBS,BVME,EUR,BVME
1AJG,BVME,EUR,BVME
ASC,BVME,EUR,BVME
4ASM,BVME,EUR,BVME
2ASM,BVME,EUR,BVME
2ASML,BVME,EUR,BVME
4ASML,BVME,EUR,BVME
1ASML,BVME,EUR,BVME
2ASRNL,BVME,EUR,BVME
1ASSA,BVME,EUR,BVME
1ASTS,BVME,EUR,BVME
1ALAB,BVME,EUR,BVME
1ATRO,BVME,EUR,BVME
1ATS,BVME,EUR,BVME
4T,BVME,EUR,BVME
1T,BVME,EUR,BVME
2T,BVME,EUR,BVME
1ATCA,BVME,EUR,BVME
1ATCB,BVME,EUR,BVME
1TEAM,BVME,EUR,BVME
1ATO,BVME,EUR,BVME
ATON,BVME,EUR,BVME
2ATO,BVME,EUR,BVME
4AAG,BVME,EUR,BVME
1AAG,BVME,EUR,BVME
2AAG,BVME,EUR,BVME
1AUMO,BVME,EUR,BVME
1AUR,BVME,EUR,BVME
1AG1,BVME,EUR,BVME
2ADSK,BVME,EUR,BVME
1ADSK,BVME,EUR,BVME
4ADSK,BVME,EUR,BVME
4ADP,BVME,EUR,BVME
1ADP,BVME,EUR,BVME
2ADP,BVME,EUR,BVME
AUTME,BVME,EUR,BVME
4AZO,BVME,EUR,BVME
1AZO,BVME,EUR,BVME
2AZO,BVME,EUR,BVME
1AZA,BVME,EUR,BVME
1AVY,BVME,EUR,BVME
AVIO,BVME,EUR,BVME
1CAR,BVME,EUR,BVME
1AVOL,BVME,EUR,BVME
1CS,BVME,EUR,BVME
4CS,BVME,EUR,BVME
2CS,BVME,EUR,BVME
1ACLS,BVME,EUR,BVME
1AXFO,BVME,EUR,BVME
1AXON,BVME,EUR,BVME
1AXSM,BVME,EUR,BVME
2AYV,BVME,EUR,BVME
AZM,BVME,EUR,BVME
2AZM,BVME,EUR,BVME
BEC,BVME,EUR,BVME
2BCP,BVME,EUR,BVME
BFG,BVME,EUR,BVME
1BALL,BVME,EUR,BVME
BGN,BVME,EUR,BVME
2BGN,BVME,EUR,BVME
IF,BVME,EUR,BVME
2BMED,BVME,EUR,BVME
BMED,BVME,EUR,BVME
BMPS,BVME,EUR,BVME
2BMPS,BVME,EUR,BVME
BST,BVME,EUR,BVME
2BAMI,BVME,EUR,BVME
BAMI,BVME,EUR,BVME
2SAB,BVME,EUR,BVME
4SAB,BVME,EUR,BVME
1SAB,BVME,EUR,BVME
1SANX,BVME,EUR,BVME
2SANX,BVME,EUR,BVME
4SANX,BVME,EUR,BVME
2BAC,BVME,EUR,BVME
4BAC,BVME,EUR,BVME
1BAC,BVME,EUR,BVME
1OZK,BVME,EUR,BVME
1BKT,BVME,EUR,BVME
2BAR,BVME,EUR,BVME
1BARN,BVME,EUR,BVME
2BAS,BVME,EUR,BVME
1BAS,BVME,EUR,BVME
4BAS,BVME,EUR,BVME
2BFIT,BVME,EUR,BVME
BAN,BVME,EUR,BVME
B,BVME,EUR,BVME
1BGA,BVME,EUR,BVME
4BAX,BVME,EUR,BVME
2BAX,BVME,EUR,BVME
1BAX,BVME,EUR,BVME
4BAYN,BVME,EUR,BVME
1BAYN,BVME,EUR,BVME
2BAYN,BVME,EUR,BVME
4BBVA,BVME,EUR,BVME
1BBVA,BVME,EUR,BVME
2BBVA,BVME,EUR,BVME
2BPSO,BVME,EUR,BVME
BPSO,BVME,EUR,BVME
PRO,BVME,EUR,BVME
BDB,BVME,EUR,BVME
2BESI,BVME,EUR,BVME
1BC8,BVME,EUR,BVME
1BDX,BVME,EUR,BVME
2BDX,BVME,EUR,BVME
4BDX,BVME,EUR,BVME
BWZ,BVME,EUR,BVME
4BEI,BVME,EUR,BVME
2BEI,BVME,EUR,BVME
1BEI,BVME,EUR,BVME
1BEIJ,BVME,EUR,BVME
1BEAN,BVME,EUR,BVME
BELL,BVME,EUR,BVME
2BEN,BVME,EUR,BVME
1BSY,BVME,EUR,BVME
1BRK,BVME,EUR,BVME
4BRK,BVME,EUR,BVME
2BRKH,BVME,EUR,BVME
TRAIN,BVME,EUR,BVME
2BBY,BVME,EUR,BVME
4BBY,BVME,EUR,BVME
1BBY,BVME,EUR,BVME
BES,BVME,EUR,BVME
1BYND,BVME,EUR,BVME
4BYND,BVME,EUR,BVME
2BYND,BVME,EUR,BVME
BFF,BVME,EUR,BVME
2BB,BVME,EUR,BVME
BSS,BVME,EUR,BVME
1GBF,BVME,EUR,BVME
1BILL,BVME,EUR,BVME
1TECH,BVME,EUR,BVME
4BIIB,BVME,EUR,BVME
2BIIB,BVME,EUR,BVME
1BIIB,BVME,EUR,BVME
2BMRN,BVME,EUR,BVME
1BMRN,BVME,EUR,BVME
4BMRN,BVME,EUR,BVME
2BIM,BVME,EUR,BVME
4ADE,BVME,EUR,BVME
1ADE,BVME,EUR,BVME
2ADE,BVME,EUR,BVME
1BTDR,BVME,EUR,BVME
1BKW,BVME,EUR,BVME
1BLK,BVME,EUR,BVME
2BLK,BVME,EUR,BVME
4BLK,BVME,EUR,BVME
1BX,BVME,EUR,BVME
2SQ,BVME,EUR,BVME
1SQ,BVME,EUR,BVME
4SQ,BVME,EUR,BVME
1BLE,BVME,EUR,BVME
1OWL,BVME,EUR,BVME
4BMW,BVME,EUR,BVME
1BMW,BVME,EUR,BVME
2BMW,BVME,EUR,BVME
1BMW3,BVME,EUR,BVME
4BMW3,BVME,EUR,BVME
2BMW3,BVME,EUR,BVME
4BNP,BVME,EUR,BVME
2BNP,BVME,EUR,BVME
1BNP,BVME,EUR,BVME
2BA,BVME,EUR,BVME
1BA,BVME,EUR,BVME
4BA,BVME,EUR,BVME
1BOL,BVME,EUR,BVME
2BOL,BVME,EUR,BVME
BF,BVME,EUR,BVME
1BKNG,BVME,EUR,BVME
4BKNG,BVME,EUR,BVME
2BKNG,BVME,EUR,BVME
1BAH,BVME,EUR,BVME
BO,BVME,EUR,BVME
1BWA,BVME,EUR,BVME
2BOD,BVME,EUR,BVME
1BOD,BVME,EUR,BVME
4BSX,BVME,EUR,BVME
2BSX,BVME,EUR,BVME
1BSX,BVME,EUR,BVME
2EN,BVME,EUR,BVME
4EN,BVME,EUR,BVME
2BPE,BVME,EUR,BVME
BPE,BVME,EUR,BVME
BRM,BVME,EUR,BVME
1BRZE,BVME,EUR,BVME
BRE,BVME,EUR,BVME
1BRE,BVME,EUR,BVME
2BRE,BVME,EUR,BVME
1BBIO,BVME,EUR,BVME
1EAT,BVME,EUR,BVME
BRI,BVME,EUR,BVME
1BMY,BVME,EUR,BVME
4BMY,BVME,EUR,BVME
2BMY,BVME,EUR,BVME
4AVGO,BVME,EUR,BVME
1AVGO,BVME,EUR,BVME
2AVGO,BVME,EUR,BVME
1BRO,BVME,EUR,BVME
1BFB,BVME,EUR,BVME
1BRKR,BVME,EUR,BVME
2BC,BVME,EUR,BVME
BC,BVME,EUR,BVME
1BLDR,BVME,EUR,BVME
2BVI,BVME,EUR,BVME
BZU,BVME,EUR,BVME
2BZU,BVME,EUR,BVME
CLI,BVME,EUR,BVME
1C3,BVME,EUR,BVME
2C3,BVME,EUR,BVME
1CAI,BVME,EUR,BVME
1CDNS,BVME,EUR,BVME
CAI,BVME,EUR,BVME
2CABK,BVME,EUR,BVME
1CABK,BVME,EUR,BVME
4CABK,BVME,EUR,BVME
1CALM,BVME,EUR,BVME
CLF,BVME,EUR,BVME
CALT,BVME,EUR,BVME
CED,BVME,EUR,BVME
2CPR,BVME,EUR,BVME
CPR,BVME,EUR,BVME
4CAP,BVME,EUR,BVME
2CAP,BVME,EUR,BVME
1COF,BVME,EUR,BVME
1CAH,BVME,EUR,BVME
CRL,BVME,EUR,BVME
4AFX,BVME,EUR,BVME
2AFX,BVME,EUR,BVME
1AFX,BVME,EUR,BVME
1CG,BVME,EUR,BVME
2CARM,BVME,EUR,BVME
2CA,BVME,EUR,BVME
4CA,BVME,EUR,BVME
1CARR,BVME,EUR,BVME
1CVNA,BVME,EUR,BVME
2CO,BVME,EUR,BVME
CDG,BVME,EUR,BVME
1CAST,BVME,EUR,BVME
1CAT,BVME,EUR,BVME
2CAT,BVME,EUR,BVME
1CBOE,BVME,EUR,BVME
1CBRE,BVME,EUR,BVME
1CDW,BVME,EUR,BVME
1CEC,BVME,EUR,BVME
4CEC,BVME,EUR,BVME
2CEC,BVME,EUR,BVME
1CE,BVME,EUR,BVME
1CLNX,BVME,EUR,BVME
CELL,BVME,EUR,BVME
CMB,BVME,EUR,BVME
CEM,BVME,EUR,BVME
1COR,BVME,EUR,BVME
4CNC,BVME,EUR,BVME
1CNC,BVME,EUR,BVME
2CNC,BVME,EUR,BVME
1CNP,BVME,EUR,BVME
1CF,BVME,EUR,BVME
1SCHW,BVME,EUR,BVME
4CHTR,BVME,EUR,BVME
2CHTR,BVME,EUR,BVME
1CHTR,BVME,EUR,BVME
1CAKE,BVME,EUR,BVME
1LNG,BVME,EUR,BVME
1CVX,BVME,EUR,BVME
2CVX,BVME,EUR,BVME
4CVX,BVME,EUR,BVME
1CHWY,BVME,EUR,BVME
1CMG,BVME,EUR,BVME
1CB,BVME,EUR,BVME
1CHD,BVME,EUR,BVME
1CFR,BVME,EUR,BVME
4CIEN,BVME,EUR,BVME
1CIEN,BVME,EUR,BVME
2CIEN,BVME,EUR,BVME
1CI,BVME,EUR,BVME
1CINF,BVME,EUR,BVME
1CIFR,BVME,EUR,BVME
CIR,BVME,EUR,BVME
CIRC,BVME,EUR,BVME
1CRCL,BVME,EUR,BVME
1CRUS,BVME,EUR,BVME
1CSCO,BVME,EUR,BVME
4CSCO,BVME,EUR,BVME
2CSCO,BVME,EUR,BVME
2C,BVME,EUR,BVME
1C,BVME,EUR,BVME
4C,BVME,EUR,BVME
1CFG,BVME,EUR,BVME
CLABO,BVME,EUR,BVME
2CLARI,BVME,EUR,BVME
1CLN,BVME,EUR,BVME
CLE,BVME,EUR,BVME
CBB,BVME,EUR,BVME
1CLSK,BVME,EUR,BVME
4CVA,BVME,EUR,BVME
2CVA,BVME,EUR,BVME
1CVA,BVME,EUR,BVME
AGAIN,BVME,EUR,BVME
1CME,BVME,EUR,BVME
1CNHI,BVME,EUR,BVME
2CNHI,BVME,EUR,BVME
1COKE,BVME,EUR,BVME
2CDE,BVME,EUR,BVME
1CDE,BVME,EUR,BVME
4CDE,BVME,EUR,BVME
2COFA,BVME,EUR,BVME
2COFB,BVME,EUR,BVME
CFL,BVME,EUR,BVME
CGF,BVME,EUR,BVME
1CGNX,BVME,EUR,BVME
1CTSH,BVME,EUR,BVME
1COHR,BVME,EUR,BVME
1COIN,BVME,EUR,BVME
2COIN,BVME,EUR,BVME
4COIN,BVME,EUR,BVME
4CL,BVME,EUR,BVME
2CL,BVME,EUR,BVME
1CL,BVME,EUR,BVME
1COL,BVME,EUR,BVME
1COLM,BVME,EUR,BVME
CMTL,BVME,EUR,BVME
4CMCSA,BVME,EUR,BVME
2CMCSA,BVME,EUR,BVME
1CMCSA,BVME,EUR,BVME
COM,BVME,EUR,BVME
1FIX,BVME,EUR,BVME
2CBK,BVME,EUR,BVME
4CBK,BVME,EUR,BVME
1CBK,BVME,EUR,BVME
TIME,BVME,EUR,BVME
1CAG,BVME,EUR,BVME
CFV,BVME,EUR,BVME
CFVAA,BVME,EUR,BVME
1CFLT,BVME,EUR,BVME
1COP,BVME,EUR,BVME
2COP,BVME,EUR,BVME
4COP,BVME,EUR,BVME
2ED,BVME,EUR,BVME
4ED,BVME,EUR,BVME
1ED,BVME,EUR,BVME
4STZ,BVME,EUR,BVME
1STZ,BVME,EUR,BVME
2STZ,BVME,EUR,BVME
1CEG,BVME,EUR,BVME
1ROAD,BVME,EUR,BVME
1CON,BVME,EUR,BVME
2CON,BVME,EUR,BVME
4CON,BVME,EUR,BVME
CVG,BVME,EUR,BVME
1COO,BVME,EUR,BVME
1CPRT,BVME,EUR,BVME
COP,BVME,EUR,BVME
2CRBN,BVME,EUR,BVME
1CORT,BVME,EUR,BVME
1CORZ,BVME,EUR,BVME
1CNM,BVME,EUR,BVME
2CCAP,BVME,EUR,BVME
1CCAP,BVME,EUR,BVME
1CRWV,BVME,EUR,BVME
4GLW,BVME,EUR,BVME
1GLW,BVME,EUR,BVME
2GLW,BVME,EUR,BVME
1CPAY,BVME,EUR,BVME
1CTVA,BVME,EUR,BVME
4CSGP,BVME,EUR,BVME
1CSGP,BVME,EUR,BVME
2CSGP,BVME,EUR,BVME
2COST,BVME,EUR,BVME
1COST,BVME,EUR,BVME
4COST,BVME,EUR,BVME
1CTRA,BVME,EUR,BVME
2COTY,BVME,EUR,BVME
1COTY,BVME,EUR,BVME
1CPNG,BVME,EUR,BVME
11COV,BVME,EUR,BVME
21COV,BVME,EUR,BVME
41COV,BVME,EUR,BVME
2COV,BVME,EUR,BVME
4COV,BVME,EUR,BVME
1CPIE,BVME,EUR,BVME
CREG,BVME,EUR,BVME
CE,BVME,EUR,BVME
2ACA,BVME,EUR,BVME
4ACA,BVME,EUR,BVME
1ACA,BVME,EUR,BVME
1CROX,BVME,EUR,BVME
CFM,BVME,EUR,BVME
1CRWD,BVME,EUR,BVME
4CRWD,BVME,EUR,BVME
2CRWD,BVME,EUR,BVME
CSP,BVME,EUR,BVME
1CSX,BVME,EUR,BVME
2CTPNV,BVME,EUR,BVME
1EVD,BVME,EUR,BVME
2CTT,BVME,EUR,BVME
CUBE,BVME,EUR,BVME
CULT,BVME,EUR,BVME
1CMI,BVME,EUR,BVME
2CVAC,BVME,EUR,BVME
4CVAC,BVME,EUR,BVME
1CVAC,BVME,EUR,BVME
1CVS,BVME,EUR,BVME
2CVS,BVME,EUR,BVME
4CVS,BVME,EUR,BVME
CY4,BVME,EUR,BVME
CYB,BVME,EUR,BVME
1CYTK,BVME,EUR,BVME
DIS,BVME,EUR,BVME
2DIE,BVME,EUR,BVME
1QBTS,BVME,EUR,BVME
1DTRH,BVME,EUR,BVME
2DTRH,BVME,EUR,BVME
1DHR,BVME,EUR,BVME
2DHR,BVME,EUR,BVME
4DHR,BVME,EUR,BVME
DAN,BVME,EUR,BVME
DANR,BVME,EUR,BVME
2BN,BVME,EUR,BVME
4BN,BVME,EUR,BVME
1DRI,BVME,EUR,BVME
2AM,BVME,EUR,BVME
4DSY,BVME,EUR,BVME
2DSY,BVME,EUR,BVME
1DDOG,BVME,EUR,BVME
DAL,BVME,EUR,BVME
DATA,BVME,EUR,BVME
1DVA,BVME,EUR,BVME
1DAY,BVME,EUR,BVME
DBA,BVME,EUR,BVME
DLG,BVME,EUR,BVME
1DECK,BVME,EUR,BVME
DDM,BVME,EUR,BVME
1DE,BVME,EUR,BVME
2DE,BVME,EUR,BVME
4DE,BVME,EUR,BVME
4DHER,BVME,EUR,BVME
2DHER,BVME,EUR,BVME
1DHER,BVME,EUR,BVME
1DELL,BVME,EUR,BVME
4DELL,BVME,EUR,BVME
2DELL,BVME,EUR,BVME
1DAL,BVME,EUR,BVME
1XRAY,BVME,EUR,BVME
2XRAY,BVME,EUR,BVME
4XRAY,BVME,EUR,BVME
ART,BVME,EUR,BVME
2DBG,BVME,EUR,BVME
DIT,BVME,EUR,BVME
2DBK,BVME,EUR,BVME
4DBK,BVME,EUR,BVME
1DBK,BVME,EUR,BVME
4DB1,BVME,EUR,BVME
2DB1,BVME,EUR,BVME
1DB1,BVME,EUR,BVME
2DEQ,BVME,EUR,BVME
1DEQ,BVME,EUR,BVME
4DEQ,BVME,EUR,BVME
1LHA,BVME,EUR,BVME
4LHA,BVME,EUR,BVME
2LHA,BVME,EUR,BVME
1DHL,BVME,EUR,BVME
2DHL,BVME,EUR,BVME
4DHL,BVME,EUR,BVME
1DR,BVME,EUR,BVME
2DR,BVME,EUR,BVME
4DR,BVME,EUR,BVME
1DTE,BVME,EUR,BVME
2DTE,BVME,EUR,BVME
4DTE,BVME,EUR,BVME
1DWNI,BVME,EUR,BVME
2DWNI,BVME,EUR,BVME
4DWNI,BVME,EUR,BVME
4DEZ,BVME,EUR,BVME
1DEZ,BVME,EUR,BVME
2DEZ,BVME,EUR,BVME
4DY6,BVME,EUR,BVME
2DY6,BVME,EUR,BVME
1DY6,BVME,EUR,BVME
1DXCM,BVME,EUR,BVME
DEX,BVME,EUR,BVME
DHH,BVME,EUR,BVME
DIAD,BVME,EUR,BVME
1FANG,BVME,EUR,BVME
DIA,BVME,EUR,BVME
2DIA,BVME,EUR,BVME
1DKS,BVME,EUR,BVME
DIB,BVME,EUR,BVME
1APPS,BVME,EUR,BVME
DGV,BVME,EUR,BVME
DGT,BVME,EUR,BVME
D,BVME,EUR,BVME
DEA,BVME,EUR,BVME
1DOC,BVME,EUR,BVME
2DGX,BVME,EUR,BVME
4DGX,BVME,EUR,BVME
1DGX,BVME,EUR,BVME
1DLTR,BVME,EUR,BVME
2D,BVME,EUR,BVME
4D,BVME,EUR,BVME
1D,BVME,EUR,BVME
1DPZ,BVME,EUR,BVME
1DASH,BVME,EUR,BVME
4DASH,BVME,EUR,BVME
2DASH,BVME,EUR,BVME
DOT,BVME,EUR,BVME
DOV,BVME,EUR,BVME
1DOV,BVME,EUR,BVME
1DOW,BVME,EUR,BVME
2DOW,BVME,EUR,BVME
4DOW,BVME,EUR,BVME
DOX,BVME,EUR,BVME
1DHI,BVME,EUR,BVME
1DKNG,BVME,EUR,BVME
1DBX,BVME,EUR,BVME
1DUK,BVME,EUR,BVME
1DD,BVME,EUR,BVME
2DD,BVME,EUR,BVME
4DD,BVME,EUR,BVME
2DUE,BVME,EUR,BVME
1DUE,BVME,EUR,BVME
4DUE,BVME,EUR,BVME
1DYT,BVME,EUR,BVME
EGB,BVME,EUR,BVME
E9IA,BVME,EUR,BVME
1EOAN,BVME,EUR,BVME
2EOAN,BVME,EUR,BVME
4EOAN,BVME,EUR,BVME
EPH,BVME,EUR,BVME
ETS,BVME,EUR,BVME
1EMN,BVME,EUR,BVME
1ETN,BVME,EUR,BVME
2EBAY,BVME,EUR,BVME
1EBAY,BVME,EUR,BVME
4EBAY,BVME,EUR,BVME
1SATS,BVME,EUR,BVME
1EUZ,BVME,EUR,BVME
2EUZ,BVME,EUR,BVME
4EUZ,BVME,EUR,BVME
1ECL,BVME,EUR,BVME
4ECL,BVME,EUR,BVME
2ECL,BVME,EUR,BVME
ECMB,BVME,EUR,BVME
ECK,BVME,EUR,BVME
2EDEN,BVME,EUR,BVME
ELB,BVME,EUR,BVME
ESF,BVME,EUR,BVME
EDAC,BVME,EUR,BVME
1EIX,BVME,EUR,BVME
EDNR,BVME,EUR,BVME
2EDP,BVME,EUR,BVME
2EDPR,BVME,EUR,BVME
4EDP,BVME,EUR,BVME
4EW,BVME,EUR,BVME
1EW,BVME,EUR,BVME
2EW,BVME,EUR,BVME
EGN,BVME,EUR,BVME
2FGR,BVME,EUR,BVME
ELN,BVME,EUR,BVME
1ELUX,BVME,EUR,BVME
4EA,BVME,EUR,BVME
1EA,BVME,EUR,BVME
2EA,BVME,EUR,BVME
1EKTA,BVME,EUR,BVME
ELES,BVME,EUR,BVME
2ANTM,BVME,EUR,BVME
1ANTM,BVME,EUR,BVME
4ANTM,BVME,EUR,BVME
1ELF,BVME,EUR,BVME
2LLY,BVME,EUR,BVME
4LLY,BVME,EUR,BVME
1LLY,BVME,EUR,BVME
2ELI,BVME,EUR,BVME
ELC,BVME,EUR,BVME
2ELIOR,BVME,EUR,BVME
2ELIS,BVME,EUR,BVME
1ELIS,BVME,EUR,BVME
ELSA,BVME,EUR,BVME
EM,BVME,EUR,BVME
1EME,BVME,EUR,BVME
2EMEIS,BVME,EUR,BVME
1EMR,BVME,EUR,BVME
2EMR,BVME,EUR,BVME
4EMR,BVME,EUR,BVME
EAV,BVME,EUR,BVME
1EMSN,BVME,EUR,BVME
ENA,BVME,EUR,BVME
1ENG,BVME,EUR,BVME
2ENG,BVME,EUR,BVME
4ENG,BVME,EUR,BVME
ENAV,BVME,EUR,BVME
1ELE,BVME,EUR,BVME
2ELE,BVME,EUR,BVME
4ELE,BVME,EUR,BVME
2ENEL,BVME,EUR,BVME
ENEL,BVME,EUR,BVME
ENY,BVME,EUR,BVME
ET,BVME,EUR,BVME
ENT,BVME,EUR,BVME
ENV,BVME,EUR,BVME
2ENGI,BVME,EUR,BVME
1ENGI,BVME,EUR,BVME
4ENGI,BVME,EUR,BVME
ENI,BVME,EUR,BVME
2ENI,BVME,EUR,BVME
1ENVX,BVME,EUR,BVME
1ENPH,BVME,EUR,BVME
1ENSG,BVME,EUR,BVME
1ENTG,BVME,EUR,BVME
1ETR,BVME,EUR,BVME
1EOG,BVME,EUR,BVME
1EPAM,BVME,EUR,BVME
1EPIA,BVME,EUR,BVME
EPRB,BVME,EUR,BVME
1EQT,BVME,EUR,BVME
1EQTC,BVME,EUR,BVME
1EFX,BVME,EUR,BVME
EQUI,BVME,EUR,BVME
2ERA,BVME,EUR,BVME
2ERG,BVME,EUR,BVME
ERG,BVME,EUR,BVME
2ERICB,BVME,EUR,BVME
1ERICB,BVME,EUR,BVME
4ERICB,BVME,EUR,BVME
RDUE,BVME,EUR,BVME
4EBS,BVME,EUR,BVME
1EBS,BVME,EUR,BVME
ESAU,BVME,EUR,BVME
ESIGM,BVME,EUR,BVME
ESPE,BVME,EUR,BVME
PRT,BVME,EUR,BVME
2EL,BVME,EUR,BVME
1EL,BVME,EUR,BVME
4EL,BVME,EUR,BVME
1ESSI,BVME,EUR,BVME
2ELX,BVME,EUR,BVME
4ELX,BVME,EUR,BVME
1ELX,BVME,EUR,BVME
ESTM,BVME,EUR,BVME
2ETSY,BVME,EUR,BVME
4ETSY,BVME,EUR,BVME
1ETSY,BVME,EUR,BVME
EUK,BVME,EUR,BVME
2RF,BVME,EUR,BVME
2EAPI,BVME,EUR,BVME
2ECMPA,BVME,EUR,BVME
ECMPM,BVME,EUR,BVME
4ERF,BVME,EUR,BVME
2ERF,BVME,EUR,BVME
EGLA,BVME,EUR,BVME
1EEFT,BVME,EUR,BVME
2ENX,BVME,EUR,BVME
ETH,BVME,EUR,BVME
2ETL,BVME,EUR,BVME
1EG,BVME,EUR,BVME
1EVRG,BVME,EUR,BVME
1ES,BVME,EUR,BVME
4ES,BVME,EUR,BVME
2ES,BVME,EUR,BVME
EVISO,BVME,EUR,BVME
1EVN,BVME,EUR,BVME
1EVO,BVME,EUR,BVME
1EVK,BVME,EUR,BVME
4EVK,BVME,EUR,BVME
2EVK,BVME,EUR,BVME
1EVT,BVME,EUR,BVME
2EVT,BVME,EUR,BVME
4EVT,BVME,EUR,BVME
1EXAS,BVME,EUR,BVME
EXEC,BVME,EUR,BVME
1EXEL,BVME,EUR,BVME
4EXC,BVME,EUR,BVME
2EXC,BVME,EUR,BVME
1EXC,BVME,EUR,BVME
1EXLS,BVME,EUR,BVME
2EXO,BVME,EUR,BVME
1EXE,BVME,EUR,BVME
2EXPE,BVME,EUR,BVME
1EXPE,BVME,EUR,BVME
4EXPE,BVME,EUR,BVME
EXAI,BVME,EUR,BVME
1XOM,BVME,EUR,BVME
2XOM,BVME,EUR,BVME
4XOM,BVME,EUR,BVME
1FFIV,BVME,EUR,BVME
1FN,BVME,EUR,BVME
1FDS,BVME,EUR,BVME
FAE,BVME,EUR,BVME
2FAGR,BVME,EUR,BVME
1FICO,BVME,EUR,BVME
COSMO,BVME,EUR,BVME
1FAST,BVME,EUR,BVME
1BALD,BVME,EUR,BVME
2FDJU,BVME,EUR,BVME
4FDX,BVME,EUR,BVME
2FDX,BVME,EUR,BVME
1FDX,BVME,EUR,BVME
RACE,BVME,EUR,BVME
2RACE,BVME,EUR,BVME
YACHT,BVME,EUR,BVME
1FIS,BVME,EUR,BVME
FDA,BVME,EUR,BVME
FM,BVME,EUR,BVME
1FTHB,BVME,EUR,BVME
1FIG,BVME,EUR,BVME
FILA,BVME,EUR,BVME
1TUB,BVME,EUR,BVME
FTC,BVME,EUR,BVME
FCT,BVME,EUR,BVME
FF,BVME,EUR,BVME
FBK,BVME,EUR,BVME
2FBK,BVME,EUR,BVME
FIC,BVME,EUR,BVME
1FHN,BVME,EUR,BVME
4FSLR,BVME,EUR,BVME
2FSLR,BVME,EUR,BVME
1FSLR,BVME,EUR,BVME
1FEU,BVME,EUR,BVME
2FISV,BVME,EUR,BVME
4FISV,BVME,EUR,BVME
1FISV,BVME,EUR,BVME
1FIVE,BVME,EUR,BVME
1FIVN,BVME,EUR,BVME
1FLNC,BVME,EUR,BVME
1FHZN,BVME,EUR,BVME
1FDR,BVME,EUR,BVME
1FMC,BVME,EUR,BVME
2FNAC,BVME,EUR,BVME
FNM,BVME,EUR,BVME
FPE,BVME,EUR,BVME
1F,BVME,EUR,BVME
2F,BVME,EUR,BVME
4F,BVME,EUR,BVME
1FTNT,BVME,EUR,BVME
1FTV,BVME,EUR,BVME
1FORT,BVME,EUR,BVME
2FORT,BVME,EUR,BVME
4FORT,BVME,EUR,BVME
2FRVIA,BVME,EUR,BVME
4FRVIA,BVME,EUR,BVME
1FRVIA,BVME,EUR,BVME
1FOXA,BVME,EUR,BVME
1FOX,BVME,EUR,BVME
FCH,BVME,EUR,BVME
FUM,BVME,EUR,BVME
1BEN,BVME,EUR,BVME
1FRA,BVME,EUR,BVME
4FRA,BVME,EUR,BVME
2FRA,BVME,EUR,BVME
1FNTN,BVME,EUR,BVME
1FCX,BVME,EUR,BVME
2FCX,BVME,EUR,BVME
4FCX,BVME,EUR,BVME
FRE,BVME,EUR,BVME
2FRE,BVME,EUR,BVME
4FRE,BVME,EUR,BVME
1FRE,BVME,EUR,BVME
4FME,BVME,EUR,BVME
2FME,BVME,EUR,BVME
1FME,BVME,EUR,BVME
1FRPT,BVME,EUR,BVME
1FRSH,BVME,EUR,BVME
AMI,BVME,EUR,BVME
1FPE,BVME,EUR,BVME
2FEY2,BVME,EUR,BVME
4FEY2,BVME,EUR,BVME
1FEY2,BVME,EUR,BVME
2FUR,BVME,EUR,BVME
GML,BVME,EUR,BVME
GAB,BVME,EUR,BVME
GAIN,BVME,EUR,BVME
2GLPG,BVME,EUR,BVME
4GLPG,BVME,EUR,BVME
1GLXY,BVME,EUR,BVME
1GALD,BVME,EUR,BVME
1GALE,BVME,EUR,BVME
2GALP,BVME,EUR,BVME
GAMB,BVME,EUR,BVME
1GME,BVME,EUR,BVME
2GME,BVME,EUR,BVME
1GRMN,BVME,EUR,BVME
GHC,BVME,EUR,BVME
1IT,BVME,EUR,BVME
GSP,BVME,EUR,BVME
2GBLB,BVME,EUR,BVME
2GE,BVME,EUR,BVME
1GE,BVME,EUR,BVME
1GEHC,BVME,EUR,BVME
1GEV,BVME,EUR,BVME
4G,BVME,EUR,BVME
1G,BVME,EUR,BVME
2GG,BVME,EUR,BVME
1GEBN,BVME,EUR,BVME
2GFC,BVME,EUR,BVME
GE,BVME,EUR,BVME
GEL,BVME,EUR,BVME
1NLOK,BVME,EUR,BVME
2NLOK,BVME,EUR,BVME
4NLOK,BVME,EUR,BVME
1GNRC,BVME,EUR,BVME
1GD,BVME,EUR,BVME
2GD,BVME,EUR,BVME
4GD,BVME,EUR,BVME
1GIS,BVME,EUR,BVME
2GM,BVME,EUR,BVME
1GM,BVME,EUR,BVME
4GM,BVME,EUR,BVME
GF,BVME,EUR,BVME
2G,BVME,EUR,BVME
G,BVME,EUR,BVME
GM,BVME,EUR,BVME
1GPC,BVME,EUR,BVME
1GF,BVME,EUR,BVME
GEO,BVME,EUR,BVME
1GERN,BVME,EUR,BVME
1GXI,BVME,EUR,BVME
1GETI,BVME,EUR,BVME
2GET,BVME,EUR,BVME
GCOM,BVME,EUR,BVME
4GILD,BVME,EUR,BVME
1GILD,BVME,EUR,BVME
2GILD,BVME,EUR,BVME
GMS,BVME,EUR,BVME
GIS,BVME,EUR,BVME
1GTLB,BVME,EUR,BVME
1GIVN,BVME,EUR,BVME
4GLEN,BVME,EUR,BVME
1GPN,BVME,EUR,BVME
4GPN,BVME,EUR,BVME
2GPN,BVME,EUR,BVME
1GFS,BVME,EUR,BVME
1GDDY,BVME,EUR,BVME
2GSG,BVME,EUR,BVME
1GS,BVME,EUR,BVME
4GS,BVME,EUR,BVME
1GT,BVME,EUR,BVME
2GPRO,BVME,EUR,BVME
1GPRO,BVME,EUR,BVME
4GPRO,BVME,EUR,BVME
GPI,BVME,EUR,BVME
GRN,BVME,EUR,BVME
GRAL,BVME,EUR,BVME
1GRF,BVME,EUR,BVME
4GRF,BVME,EUR,BVME
GROW,BVME,EUR,BVME
GT,BVME,EUR,BVME
2GTT,BVME,EUR,BVME
1GH,BVME,EUR,BVME
1GWRE,BVME,EUR,BVME
GVS,BVME,EUR,BVME
FARM,BVME,EUR,BVME
HIK,BVME,EUR,BVME
4HAL,BVME,EUR,BVME
2HAL,BVME,EUR,BVME
1HAL,BVME,EUR,BVME
1HALO,BVME,EUR,BVME
2HANN,BVME,EUR,BVME
1HANN,BVME,EUR,BVME
1HLAG,BVME,EUR,BVME
2HLAG,BVME,EUR,BVME
4HLAG,BVME,EUR,BVME
1HOG,BVME,EUR,BVME
2HOG,BVME,EUR,BVME
4HOG,BVME,EUR,BVME
1HIG,BVME,EUR,BVME
4HAS,BVME,EUR,BVME
2HAS,BVME,EUR,BVME
1HAS,BVME,EUR,BVME
1HCA,BVME,EUR,BVME
2HCA,BVME,EUR,BVME
4HCA,BVME,EUR,BVME
HI,BVME,EUR,BVME
2HL,BVME,EUR,BVME
4HL,BVME,EUR,BVME
1HL,BVME,EUR,BVME
4HEI,BVME,EUR,BVME
1HEI,BVME,EUR,BVME
2HEI,BVME,EUR,BVME
4HEIA,BVME,EUR,BVME
2HEIA,BVME,EUR,BVME
1HLE,BVME,EUR,BVME
1HFG,BVME,EUR,BVME
4HFG,BVME,EUR,BVME
2HFG,BVME,EUR,BVME
1HELN,BVME,EUR,BVME
HLX,BVME,EUR,BVME
1HEM,BVME,EUR,BVME
4HEN,BVME,EUR,BVME
1HEN,BVME,EUR,BVME
2HEN,BVME,EUR,BVME
4HEN3,BVME,EUR,BVME
2HEN3,BVME,EUR,BVME
1HEN3,BVME,EUR,BVME
1HMB,BVME,EUR,BVME
1HSIC,BVME,EUR,BVME
2HENS,BVME,EUR,BVME
1HENS,BVME,EUR,BVME
HER,BVME,EUR,BVME
2HER,BVME,EUR,BVME
4RMS,BVME,EUR,BVME
2RMS,BVME,EUR,BVME
1HSY,BVME,EUR,BVME
4HPE,BVME,EUR,BVME
1HPE,BVME,EUR,BVME
2HPE,BVME,EUR,BVME
1HEXA,BVME,EUR,BVME
1HPOL,BVME,EUR,BVME
1DINO,BVME,EUR,BVME
4HHFA,BVME,EUR,BVME
1HIAB,BVME,EUR,BVME
HQF,BVME,EUR,BVME
2HLT,BVME,EUR,BVME
4HLT,BVME,EUR,BVME
1HLT,BVME,EUR,BVME
4HOT,BVME,EUR,BVME
1HOT,BVME,EUR,BVME
2HOT,BVME,EUR,BVME
1HOLN,BVME,EUR,BVME
1HOLM,BVME,EUR,BVME
1HOLX,BVME,EUR,BVME
1HD,BVME,EUR,BVME
2HD,BVME,EUR,BVME
4HD,BVME,EUR,BVME
HZY,BVME,EUR,BVME
4HON,BVME,EUR,BVME
1HON,BVME,EUR,BVME
2HON,BVME,EUR,BVME
1HRL,BVME,EUR,BVME
1HWM,BVME,EUR,BVME
4HPQ,BVME,EUR,BVME
2HPQ,BVME,EUR,BVME
1HPQ,BVME,EUR,BVME
1HUBS,BVME,EUR,BVME
4BOSS,BVME,EUR,BVME
1BOSS,BVME,EUR,BVME
2BOSS,BVME,EUR,BVME
1HUH,BVME,EUR,BVME
1HUM,BVME,EUR,BVME
2HU3,BVME,EUR,BVME
1HU3,BVME,EUR,BVME
4HU3,BVME,EUR,BVME
1HII,BVME,EUR,BVME
1HUSQ,BVME,EUR,BVME
2HUT,BVME,EUR,BVME
1HUT,BVME,EUR,BVME
1HYQ,BVME,EUR,BVME
IGV,BVME,EUR,BVME
ICOP,BVME,EUR,BVME
IMD,BVME,EUR,BVME
1IAC,BVME,EUR,BVME
1IBE,BVME,EUR,BVME
4IBE,BVME,EUR,BVME
2IBE,BVME,EUR,BVME
1IBM,BVME,EUR,BVME
2IBM,BVME,EUR,BVME
4IBM,BVME,EUR,BVME
2ICAD,BVME,EUR,BVME
1IEX,BVME,EUR,BVME
1IDXX,BVME,EUR,BVME
IDNTT,BVME,EUR,BVME
1IESC,BVME,EUR,BVME
IGD,BVME,EUR,BVME
ILLA,BVME,EUR,BVME
1ITW,BVME,EUR,BVME
4ILMN,BVME,EUR,BVME
1ILMN,BVME,EUR,BVME
2ILMN,BVME,EUR,BVME
ILP,BVME,EUR,BVME
2IMCD,BVME,EUR,BVME
2NK,BVME,EUR,BVME
IMS,BVME,EUR,BVME
MPT,BVME,EUR,BVME
1PI,BVME,EUR,BVME
4INCY,BVME,EUR,BVME
2INCY,BVME,EUR,BVME
1INCY,BVME,EUR,BVME
ICF,BVME,EUR,BVME
INDB,BVME,EUR,BVME
1ITX,BVME,EUR,BVME
2ITX,BVME,EUR,BVME
4ITX,BVME,EUR,BVME
1IDR,BVME,EUR,BVME
2INH,BVME,EUR,BVME
4INH,BVME,EUR,BVME
1INH,BVME,EUR,BVME
DNR,BVME,EUR,BVME
1INDU,BVME,EUR,BVME
1INDT,BVME,EUR,BVME
1IFX,BVME,EUR,BVME
2IFX,BVME,EUR,BVME
4IFX,BVME,EUR,BVME
4INGA,BVME,EUR,BVME
2INGA,BVME,EUR,BVME
1INGA,BVME,EUR,BVME
IB,BVME,EUR,BVME
4IPH,BVME,EUR,BVME
1INOD,BVME,EUR,BVME
INC,BVME,EUR,BVME
2INPST,BVME,EUR,BVME
1NSIT,BVME,EUR,BVME
1INSM,BVME,EUR,BVME
1PODD,BVME,EUR,BVME
1INTC,BVME,EUR,BVME
4INTC,BVME,EUR,BVME
2INTC,BVME,EUR,BVME
1IBKR,BVME,EUR,BVME
1ICE,BVME,EUR,BVME
ICOS,BVME,EUR,BVME
1IDCC,BVME,EUR,BVME
ICC,BVME,EUR,BVME
4IAG,BVME,EUR,BVME
1IAG,BVME,EUR,BVME
2IAG,BVME,EUR,BVME
1IFF,BVME,EUR,BVME
1IP,BVME,EUR,BVME
2ITP,BVME,EUR,BVME
IP,BVME,EUR,BVME
2IP,BVME,EUR,BVME
ISP,BVME,EUR,BVME
2ISP,BVME,EUR,BVME
ITD,BVME,EUR,BVME
2INTU,BVME,EUR,BVME
4INTU,BVME,EUR,BVME
1INTU,BVME,EUR,BVME
1ISRG,BVME,EUR,BVME
4ISRG,BVME,EUR,BVME
2ISRG,BVME,EUR,BVME
1IVZ,BVME,EUR,BVME
1LATO,BVME,EUR,BVME
1INVEB,BVME,EUR,BVME
2INVEB,BVME,EUR,BVME
4INVEB,BVME,EUR,BVME
INW,BVME,EUR,BVME
2INW,BVME,EUR,BVME
1IONS,BVME,EUR,BVME
1IONQ,BVME,EUR,BVME
1IOVA,BVME,EUR,BVME
2IPN,BVME,EUR,BVME
2IPS,BVME,EUR,BVME
1IQV,BVME,EUR,BVME
IRC,BVME,EUR,BVME
IRE,BVME,EUR,BVME
1IRDM,BVME,EUR,BVME
ISC,BVME,EUR,BVME
ITW,BVME,EUR,BVME
IG,BVME,EUR,BVME
2IG,BVME,EUR,BVME
IEG,BVME,EUR,BVME
IWB,BVME,EUR,BVME
ITM,BVME,EUR,BVME
1ITRI,BVME,EUR,BVME
IVG,BVME,EUR,BVME
2IVG,BVME,EUR,BVME
IVN,BVME,EUR,BVME
1SJM,BVME,EUR,BVME
2JMT,BVME,EUR,BVME
1JPM,BVME,EUR,BVME
2JPMC,BVME,EUR,BVME
4JPM,BVME,EUR,BVME
1JBL,BVME,EUR,BVME
1JKHY,BVME,EUR,BVME
1JAZZ,BVME,EUR,BVME
2DEC,BVME,EUR,BVME
2JDEP,BVME,EUR,BVME
1JEN,BVME,EUR,BVME
4JEN,BVME,EUR,BVME
2JEN,BVME,EUR,BVME
1JAM,BVME,EUR,BVME
2JAM,BVME,EUR,BVME
4JAM,BVME,EUR,BVME
1JOBY,BVME,EUR,BVME
1JCI,BVME,EUR,BVME
4JNJ,BVME,EUR,BVME
1JNJ,BVME,EUR,BVME
2JNJ,BVME,EUR,BVME
1BAER,BVME,EUR,BVME
1JUN,BVME,EUR,BVME
JUVE,BVME,EUR,BVME
1SDF,BVME,EUR,BVME
2SDF,BVME,EUR,BVME
4SDF,BVME,EUR,BVME
KLN,BVME,EUR,BVME
2KBC,BVME,EUR,BVME
1KEMI,BVME,EUR,BVME
1KVUE,BVME,EUR,BVME
1KER,BVME,EUR,BVME
4KER,BVME,EUR,BVME
2KER,BVME,EUR,BVME
1KESK,BVME,EUR,BVME
2KDP,BVME,EUR,BVME
1KDP,BVME,EUR,BVME
4KDP,BVME,EUR,BVME
1KEY,BVME,EUR,BVME
1KEYS,BVME,EUR,BVME
1KMB,BVME,EUR,BVME
1KMI,BVME,EUR,BVME
1KINV,BVME,EUR,BVME
1KGX,BVME,EUR,BVME
4KGX,BVME,EUR,BVME
2KGX,BVME,EUR,BVME
1KKR,BVME,EUR,BVME
4KLAC,BVME,EUR,BVME
1KLAC,BVME,EUR,BVME
2KLAC,BVME,EUR,BVME
2LI,BVME,EUR,BVME
4LI,BVME,EUR,BVME
KME,BVME,EUR,BVME
KMER,BVME,EUR,BVME
1KBX,BVME,EUR,BVME
4SKB,BVME,EUR,BVME
2SKB,BVME,EUR,BVME
1SKB,BVME,EUR,BVME
1KOJA,BVME,EUR,BVME
4KNEBV,BVME,EUR,BVME
1KNEBV,BVME,EUR,BVME
2KNEBV,BVME,EUR,BVME
1KCR,BVME,EUR,BVME
4KPN,BVME,EUR,BVME
2KPN,BVME,EUR,BVME
1KTOS,BVME,EUR,BVME
1KR,BVME,EUR,BVME
4KR,BVME,EUR,BVME
2KR,BVME,EUR,BVME
1KRN,BVME,EUR,BVME
KK,BVME,EUR,BVME
1KRYS,BVME,EUR,BVME
1KNIN,BVME,EUR,BVME
4AI,BVME,EUR,BVME
4OR,BVME,EUR,BVME
2OR,BVME,EUR,BVME
1LHX,BVME,EUR,BVME
ERFO,BVME,EUR,BVME
1ROVI,BVME,EUR,BVME
1LAGR,BVME,EUR,BVME
4LRCX,BVME,EUR,BVME
2LRCX,BVME,EUR,BVME
1LRCX,BVME,EUR,BVME
LNDR,BVME,EUR,BVME
1LNTH,BVME,EUR,BVME
1LXS,BVME,EUR,BVME
2LXS,BVME,EUR,BVME
4LXS,BVME,EUR,BVME
1LVS,BVME,EUR,BVME
1LSCC,BVME,EUR,BVME
2LEG,BVME,EUR,BVME
1LEG,BVME,EUR,BVME
4LEG,BVME,EUR,BVME
2LR,BVME,EUR,BVME
1LDOS,BVME,EUR,BVME
LS,BVME,EUR,BVME
1LEN,BVME,EUR,BVME
1LII,BVME,EUR,BVME
1LNZ,BVME,EUR,BVME
LDO,BVME,EUR,BVME
2LDO,BVME,EUR,BVME
LFG,BVME,EUR,BVME
1LEVI,BVME,EUR,BVME
2LEVI,BVME,EUR,BVME
4LEVI,BVME,EUR,BVME
1FWON,BVME,EUR,BVME
1LIFC,BVME,EUR,BVME
LDB,BVME,EUR,BVME
2LINUS,BVME,EUR,BVME
1LINUS,BVME,EUR,BVME
1LISN,BVME,EUR,BVME
1LISP,BVME,EUR,BVME
LTX,BVME,EUR,BVME
1LYV,BVME,EUR,BVME
1LKQ,BVME,EUR,BVME
1LOE,BVME,EUR,BVME
1LOG,BVME,EUR,BVME
1LOGN,BVME,EUR,BVME
LON,BVME,EUR,BVME
1LONN,BVME,EUR,BVME
LTMC,BVME,EUR,BVME
2LTMC,BVME,EUR,BVME
2LOW,BVME,EUR,BVME
1LOW,BVME,EUR,BVME
4LOW,BVME,EUR,BVME
2LPK,BVME,EUR,BVME
1LPK,BVME,EUR,BVME
4LPK,BVME,EUR,BVME
1LPLA,BVME,EUR,BVME
1LCID,BVME,EUR,BVME
LMG,BVME,EUR,BVME
1LUL,BVME,EUR,BVME
4CYTH,BVME,EUR,BVME
2CYTH,BVME,EUR,BVME
1CYTH,BVME,EUR,BVME
1LITE,BVME,EUR,BVME
4LITE,BVME,EUR,BVME
2LITE,BVME,EUR,BVME
1LUND,BVME,EUR,BVME
LUVE,BVME,EUR,BVME
2MC,BVME,EUR,BVME
1MC,BVME,EUR,BVME
4MC,BVME,EUR,BVME
1LYFT,BVME,EUR,BVME
2LYFT,BVME,EUR,BVME
4LYFT,BVME,EUR,BVME
1LYB,BVME,EUR,BVME
4FDO,BVME,EUR,BVME
1FDO,BVME,EUR,BVME
2FDO,BVME,EUR,BVME
1MDGL,BVME,EUR,BVME
MGS,BVME,EUR,BVME
1MGNI,BVME,EUR,BVME
MAIRE,BVME,EUR,BVME
1MANT,BVME,EUR,BVME
2MAP,BVME,EUR,BVME
1MAP,BVME,EUR,BVME
4MAP,BVME,EUR,BVME
MAPS,BVME,EUR,BVME
1MARA,BVME,EUR,BVME
2MARA,BVME,EUR,BVME
4MPC,BVME,EUR,BVME
2MPC,BVME,EUR,BVME
1MPC,BVME,EUR,BVME
MARE,BVME,EUR,BVME
MARK,BVME,EUR,BVME
MARR,BVME,EUR,BVME
1MAR,BVME,EUR,BVME
4MAR,BVME,EUR,BVME
2MAR,BVME,EUR,BVME
1MMC,BVME,EUR,BVME
1MLM,BVME,EUR,BVME
49MW,BVME,EUR,BVME
29MW,BVME,EUR,BVME
19MW,BVME,EUR,BVME
MARP,BVME,EUR,BVME
MASI,BVME,EUR,BVME
1MASI,BVME,EUR,BVME
1MTZ,BVME,EUR,BVME
1MA,BVME,EUR,BVME
2MA,BVME,EUR,BVME
4MA,BVME,EUR,BVME
1MTCH,BVME,EUR,BVME
MFT,BVME,EUR,BVME
2MAT,BVME,EUR,BVME
4MAT,BVME,EUR,BVME
1MAT,BVME,EUR,BVME
1MMK,BVME,EUR,BVME
1MKC,BVME,EUR,BVME
4MCD,BVME,EUR,BVME
1MCD,BVME,EUR,BVME
2MCD,BVME,EUR,BVME
2MUX,BVME,EUR,BVME
4MUX,BVME,EUR,BVME
1MUX,BVME,EUR,BVME
1MCK,BVME,EUR,BVME
MB,BVME,EUR,BVME
2MB,BVME,EUR,BVME
1MEDP,BVME,EUR,BVME
2MDT,BVME,EUR,BVME
1MDT,BVME,EUR,BVME
4MDT,BVME,EUR,BVME
MQSPA,BVME,EUR,BVME
2MELE,BVME,EUR,BVME
1MELI,BVME,EUR,BVME
1MBG,BVME,EUR,BVME
2MBG,BVME,EUR,BVME
4MBG,BVME,EUR,BVME
2MERY,BVME,EUR,BVME
1MRK,BVME,EUR,BVME
4MRK,BVME,EUR,BVME
2MRK,BVME,EUR,BVME
1MRKX,BVME,EUR,BVME
4MRKX,BVME,EUR,BVME
2MRKX,BVME,EUR,BVME
2MRN,BVME,EUR,BVME
MET,BVME,EUR,BVME
2META,BVME,EUR,BVME
1FB,BVME,EUR,BVME
4FB,BVME,EUR,BVME
1MET,BVME,EUR,BVME
MTK,BVME,EUR,BVME
2MMT,BVME,EUR,BVME
1MTBB,BVME,EUR,BVME
1METS,BVME,EUR,BVME
1MTD,BVME,EUR,BVME
MEV,BVME,EUR,BVME
2MFEA,BVME,EUR,BVME
MFEA,BVME,EUR,BVME
MFEB,BVME,EUR,BVME
2MFEB,BVME,EUR,BVME
1MGM,BVME,EUR,BVME
4MCHP,BVME,EUR,BVME
1MCHP,BVME,EUR,BVME
2MCHP,BVME,EUR,BVME
2MT,BVME,EUR,BVME
1MU,BVME,EUR,BVME
4MU,BVME,EUR,BVME
4MSFT,BVME,EUR,BVME
1MSFT,BVME,EUR,BVME
2MSFT,BVME,EUR,BVME
MS,BVME,EUR,BVME
MTS,BVME,EUR,BVME
1MKSI,BVME,EUR,BVME
4MRNA,BVME,EUR,BVME
1MRNA,BVME,EUR,BVME
2MRNA,BVME,EUR,BVME
1MOD,BVME,EUR,BVME
1MHK,BVME,EUR,BVME
1MOH,BVME,EUR,BVME
1TAP,BVME,EUR,BVME
MOL,BVME,EUR,BVME
MONC,BVME,EUR,BVME
2MONC,BVME,EUR,BVME
MN,BVME,EUR,BVME
1MDLZ,BVME,EUR,BVME
4MDLZ,BVME,EUR,BVME
2MDLZ,BVME,EUR,BVME
MTV,BVME,EUR,BVME
MTVFR,BVME,EUR,BVME
1MDB,BVME,EUR,BVME
MNL,BVME,EUR,BVME
1MPWR,BVME,EUR,BVME
1MNST,BVME,EUR,BVME
1MCO,BVME,EUR,BVME
1MS,BVME,EUR,BVME
2MS,BVME,EUR,BVME
4MS,BVME,EUR,BVME
1MOS,BVME,EUR,BVME
2EGL,BVME,EUR,BVME
2MSI,BVME,EUR,BVME
4MSI,BVME,EUR,BVME
1MSI,BVME,EUR,BVME
1MP,BVME,EUR,BVME
1MSCI,BVME,EUR,BVME
4MTX,BVME,EUR,BVME
1MTX,BVME,EUR,BVME
2MTX,BVME,EUR,BVME
2MUV2,BVME,EUR,BVME
4MUV2,BVME,EUR,BVME
1MUV2,BVME,EUR,BVME
1MTRS,BVME,EUR,BVME
1MYCR,BVME,EUR,BVME
1NDAQ,BVME,EUR,BVME
2NTGY,BVME,EUR,BVME
1NTGY,BVME,EUR,BVME
4NTGY,BVME,EUR,BVME
2NEMX,BVME,EUR,BVME
4NEMX,BVME,EUR,BVME
1NEMX,BVME,EUR,BVME
NDT,BVME,EUR,BVME
NSP,BVME,EUR,BVME
4NESTE,BVME,EUR,BVME
1NESTE,BVME,EUR,BVME
2NESTE,BVME,EUR,BVME
1NESN,BVME,EUR,BVME
1NTAP,BVME,EUR,BVME
2NFLX,BVME,EUR,BVME
4NFLX,BVME,EUR,BVME
1NFLX,BVME,EUR,BVME
1NBIX,BVME,EUR,BVME
NRST,BVME,EUR,BVME
1NWL,BVME,EUR,BVME
1NEM,BVME,EUR,BVME
2NEM,BVME,EUR,BVME
4NEM,BVME,EUR,BVME
NWL,BVME,EUR,BVME
1NWSA,BVME,EUR,BVME
1NWS,BVME,EUR,BVME
2NEX,BVME,EUR,BVME
NEXI,BVME,EUR,BVME
2NEXI,BVME,EUR,BVME
2NXI,BVME,EUR,BVME
1NXST,BVME,EUR,BVME
NXT,BVME,EUR,BVME
NR,BVME,EUR,BVME
4NEE,BVME,EUR,BVME
1NEE,BVME,EUR,BVME
2NEE,BVME,EUR,BVME
1NIBE,BVME,EUR,BVME
1NKE,BVME,EUR,BVME
4NKE,BVME,EUR,BVME
2NKE,BVME,EUR,BVME
1NIS,BVME,EUR,BVME
4NN,BVME,EUR,BVME
2NN,BVME,EUR,BVME
4NOKIA,BVME,EUR,BVME
2NOKIA,BVME,EUR,BVME
1NOKIA,BVME,EUR,BVME
2TYRES,BVME,EUR,BVME
1TYRES,BVME,EUR,BVME
4TYRES,BVME,EUR,BVME
1NDA,BVME,EUR,BVME
4NDA,BVME,EUR,BVME
2NDA,BVME,EUR,BVME
1NDX,BVME,EUR,BVME
2NDX,BVME,EUR,BVME
4NDX,BVME,EUR,BVME
1SAVE,BVME,EUR,BVME
1NDSN,BVME,EUR,BVME
1NB,BVME,EUR,BVME
2NB,BVME,EUR,BVME
4NB,BVME,EUR,BVME
1NTRS,BVME,EUR,BVME
1NOC,BVME,EUR,BVME
4NOC,BVME,EUR,BVME
2NOC,BVME,EUR,BVME
2NOS,BVME,EUR,BVME
NPI,BVME,EUR,BVME
NOVA,BVME,EUR,BVME
1NOVN,BVME,EUR,BVME
1NRG,BVME,EUR,BVME
1NUH,BVME,EUR,BVME
1NUE,BVME,EUR,BVME
NUS,BVME,EUR,BVME
1NVT,BVME,EUR,BVME
1NVDA,BVME,EUR,BVME
2NVDA,BVME,EUR,BVME
4NVDA,BVME,EUR,BVME
1NVR,BVME,EUR,BVME
2NXPI,BVME,EUR,BVME
1NXPI,BVME,EUR,BVME
4NXPI,BVME,EUR,BVME
1ORLY,BVME,EUR,BVME
1OXY,BVME,EUR,BVME
2OXY,BVME,EUR,BVME
4OXY,BVME,EUR,BVME
2OCI,BVME,EUR,BVME
1POST,BVME,EUR,BVME
OS,BVME,EUR,BVME
1OKTA,BVME,EUR,BVME
1ODFL,BVME,EUR,BVME
OLI,BVME,EUR,BVME
OMER,BVME,EUR,BVME
1OMC,BVME,EUR,BVME
1OMV,BVME,EUR,BVME
4OMV,BVME,EUR,BVME
1ONON,BVME,EUR,BVME
1ON,BVME,EUR,BVME
2ON,BVME,EUR,BVME
1ONDS,BVME,EUR,BVME
1OKE,BVME,EUR,BVME
2OKE,BVME,EUR,BVME
4OKE,BVME,EUR,BVME
1OPEN,BVME,EUR,BVME
2OPM,BVME,EUR,BVME
OEC,BVME,EUR,BVME
OPS,BVME,EUR,BVME
OPR,BVME,EUR,BVME
1OPCH,BVME,EUR,BVME
1ORCL,BVME,EUR,BVME
2ORCL,BVME,EUR,BVME
4ORCL,BVME,EUR,BVME
1ORA,BVME,EUR,BVME
4ORA,BVME,EUR,BVME
2ORA,BVME,EUR,BVME
2OGN,BVME,EUR,BVME
1OGN,BVME,EUR,BVME
4OGN,BVME,EUR,BVME
1ORNBV,BVME,EUR,BVME
2ORNBV,BVME,EUR,BVME
4ORNBV,BVME,EUR,BVME
ORS,BVME,EUR,BVME
OSA,BVME,EUR,BVME
1OSCR,BVME,EUR,BVME
1OTIS,BVME,EUR,BVME
OTO,BVME,EUR,BVME
1OUT,BVME,EUR,BVME
2OVH,BVME,EUR,BVME
OVS,BVME,EUR,BVME
1OWC,BVME,EUR,BVME
1PCAR,BVME,EUR,BVME
1PKG,BVME,EUR,BVME
2PLTR,BVME,EUR,BVME
4PLTR,BVME,EUR,BVME
1PLTR,BVME,EUR,BVME
PAL,BVME,EUR,BVME
1PANW,BVME,EUR,BVME
2PANW,BVME,EUR,BVME
4PANW,BVME,EUR,BVME
1PZZA,BVME,EUR,BVME
2PGN,BVME,EUR,BVME
1PGN,BVME,EUR,BVME
2PH,BVME,EUR,BVME
1PH,BVME,EUR,BVME
4PH,BVME,EUR,BVME
1PGHN,BVME,EUR,BVME
PSQ,BVME,EUR,BVME
PTR,BVME,EUR,BVME
1PAYX,BVME,EUR,BVME
1PAYC,BVME,EUR,BVME
1PCTY,BVME,EUR,BVME
1PYPL,BVME,EUR,BVME
4PYPL,BVME,EUR,BVME
2PYPL,BVME,EUR,BVME
4PBB,BVME,EUR,BVME
2PBB,BVME,EUR,BVME
1PBB,BVME,EUR,BVME
1PEGA,BVME,EUR,BVME
4PTON,BVME,EUR,BVME
1PTON,BVME,EUR,BVME
2PTON,BVME,EUR,BVME
1PNR,BVME,EUR,BVME
4PEP,BVME,EUR,BVME
1PEP,BVME,EUR,BVME
2PEP,BVME,EUR,BVME
4RI,BVME,EUR,BVME
2RI,BVME,EUR,BVME
2PFV,BVME,EUR,BVME
1PFV,BVME,EUR,BVME
4PFV,BVME,EUR,BVME
4PFE,BVME,EUR,BVME
2PFE,BVME,EUR,BVME
1PFE,BVME,EUR,BVME
4PCG,BVME,EUR,BVME
2PCG,BVME,EUR,BVME
1PCG,BVME,EUR,BVME
PHN,BVME,EUR,BVME
2PM,BVME,EUR,BVME
4PM,BVME,EUR,BVME
1PM,BVME,EUR,BVME
1PHIA,BVME,EUR,BVME
2PHIA,BVME,EUR,BVME
4PHIA,BVME,EUR,BVME
1PSX,BVME,EUR,BVME
2PSX,BVME,EUR,BVME
4PSX,BVME,EUR,BVME
PHIL,BVME,EUR,BVME
PIA,BVME,EUR,BVME
1PPC,BVME,EUR,BVME
PINF,BVME,EUR,BVME
1PNFP,BVME,EUR,BVME
PQ,BVME,EUR,BVME
2PIRC,BVME,EUR,BVME
PIRC,BVME,EUR,BVME
PMED,BVME,EUR,BVME
1PLL,BVME,EUR,BVME
PLN,BVME,EUR,BVME
PLC,BVME,EUR,BVME
2PLUG,BVME,EUR,BVME
1PLUG,BVME,EUR,BVME
4PLUG,BVME,EUR,BVME
4PNE,BVME,EUR,BVME
1PNE,BVME,EUR,BVME
2PNE,BVME,EUR,BVME
POPR,BVME,EUR,BVME
1POOL,BVME,EUR,BVME
2PORS,BVME,EUR,BVME
1PORS,BVME,EUR,BVME
2PAH,BVME,EUR,BVME
1PAH,BVME,EUR,BVME
4PAH,BVME,EUR,BVME
PAG,BVME,EUR,BVME
POR,BVME,EUR,BVME
PST,BVME,EUR,BVME
2PST,BVME,EUR,BVME
1POWL,BVME,EUR,BVME
PWS,BVME,EUR,BVME
POZ,BVME,EUR,BVME
1PPG,BVME,EUR,BVME
2PPG,BVME,EUR,BVME
4PPG,BVME,EUR,BVME
4PPL,BVME,EUR,BVME
1PPL,BVME,EUR,BVME
2PPL,BVME,EUR,BVME
PRXD,BVME,EUR,BVME
PRE,BVME,EUR,BVME
PFI,BVME,EUR,BVME
4PG,BVME,EUR,BVME
2PG,BVME,EUR,BVME
1PG,BVME,EUR,BVME
1PGR,BVME,EUR,BVME
1PLD,BVME,EUR,BVME
2PLD,BVME,EUR,BVME
4PLD,BVME,EUR,BVME
PMT,BVME,EUR,BVME
1PSM,BVME,EUR,BVME
2PSM,BVME,EUR,BVME
4PSM,BVME,EUR,BVME
2PRX,BVME,EUR,BVME
4PRX,BVME,EUR,BVME
2PROX,BVME,EUR,BVME
4PRU,BVME,EUR,BVME
1PRU,BVME,EUR,BVME
2PRU,BVME,EUR,BVME
PRY,BVME,EUR,BVME
2PRY,BVME,EUR,BVME
1PSPN,BVME,EUR,BVME
1PEG,BVME,EUR,BVME
4PUB,BVME,EUR,BVME
2PUB,BVME,EUR,BVME
1PUIG,BVME,EUR,BVME
2PUM,BVME,EUR,BVME
4PUM,BVME,EUR,BVME
1PUM,BVME,EUR,BVME
1PSTG,BVME,EUR,BVME
4QGEN,BVME,EUR,BVME
2QGEN,BVME,EUR,BVME
1QGEN,BVME,EUR,BVME
1QRVO,BVME,EUR,BVME
1QTCO,BVME,EUR,BVME
1QCOM,BVME,EUR,BVME
4QCOM,BVME,EUR,BVME
2QCOM,BVME,EUR,BVME
1QLYS,BVME,EUR,BVME
1PWR,BVME,EUR,BVME
1QDX,BVME,EUR,BVME
RFG,BVME,EUR,BVME
RAD,BVME,EUR,BVME
RWAY,BVME,EUR,BVME
4RBI,BVME,EUR,BVME
1RBI,BVME,EUR,BVME
1RLA,BVME,EUR,BVME
1RMBS,BVME,EUR,BVME
2RAND,BVME,EUR,BVME
1RAA,BVME,EUR,BVME
RAT,BVME,EUR,BVME
1RJF,BVME,EUR,BVME
RCS,BVME,EUR,BVME
REC,BVME,EUR,BVME
2REC,BVME,EUR,BVME
1RCAT,BVME,EUR,BVME
1REE,BVME,EUR,BVME
4REE,BVME,EUR,BVME
2REE,BVME,EUR,BVME
4SAE,BVME,EUR,BVME
1RDC,BVME,EUR,BVME
1RDDT,BVME,EUR,BVME
2RDDT,BVME,EUR,BVME
RDF,BVME,EUR,BVME
RFLTC,BVME,EUR,BVME
1REGN,BVME,EUR,BVME
4REGN,BVME,EUR,BVME
2REGN,BVME,EUR,BVME
1RFU,BVME,EUR,BVME
2RCO,BVME,EUR,BVME
2RENE,BVME,EUR,BVME
1RNO,BVME,EUR,BVME
4RNO,BVME,EUR,BVME
2RNO,BVME,EUR,BVME
RNV,BVME,EUR,BVME
1RGEN,BVME,EUR,BVME
REY,BVME,EUR,BVME
2REP,BVME,EUR,BVME
1REP,BVME,EUR,BVME
4REP,BVME,EUR,BVME
1RSG,BVME,EUR,BVME
RES,BVME,EUR,BVME
1RMD,BVME,EUR,BVME
RETI,BVME,EUR,BVME
REVO,BVME,EUR,BVME
1RVMD,BVME,EUR,BVME
RWY,BVME,EUR,BVME
2RXL,BVME,EUR,BVME
1RH,BVME,EUR,BVME
1RHM,BVME,EUR,BVME
4RHM,BVME,EUR,BVME
2RHM,BVME,EUR,BVME
RMT,BVME,EUR,BVME
1RGTI,BVME,EUR,BVME
RPTN,BVME,EUR,BVME
1RIOT,BVME,EUR,BVME
RN,BVME,EUR,BVME
1RIVN,BVME,EUR,BVME
4HOOD,BVME,EUR,BVME
1HOOD,BVME,EUR,BVME
2HOOD,BVME,EUR,BVME
1ROG,BVME,EUR,BVME
1RO,BVME,EUR,BVME
1RKLB,BVME,EUR,BVME
RKT,BVME,EUR,BVME
1ROK,BVME,EUR,BVME
4ROK,BVME,EUR,BVME
2ROK,BVME,EUR,BVME
2ROKU,BVME,EUR,BVME
1ROKU,BVME,EUR,BVME
4ROKU,BVME,EUR,BVME
1ROL,BVME,EUR,BVME
1ROP,BVME,EUR,BVME
YRM,BVME,EUR,BVME
1ROST,BVME,EUR,BVME
1RGLD,BVME,EUR,BVME
RTL,BVME,EUR,BVME
1RRTL,BVME,EUR,BVME
1RTX,BVME,EUR,BVME
2RUI,BVME,EUR,BVME
1RBRK,BVME,EUR,BVME
1RWE,BVME,EUR,BVME
2RWE,BVME,EUR,BVME
4RWE,BVME,EUR,BVME
1SPGI,BVME,EUR,BVME
2SK,BVME,EUR,BVME
SSL,BVME,EUR,BVME
1SAAB,BVME,EUR,BVME
SAB,BVME,EUR,BVME
1SOC,BVME,EUR,BVME
SAC,BVME,EUR,BVME
1SCYR,BVME,EUR,BVME
SFL,BVME,EUR,BVME
2SAF,BVME,EUR,BVME
4SAF,BVME,EUR,BVME
1SAGA,BVME,EUR,BVME
2SGO,BVME,EUR,BVME
4SGO,BVME,EUR,BVME
SPM,BVME,EUR,BVME
2SPM,BVME,EUR,BVME
1CRM,BVME,EUR,BVME
4CRM,BVME,EUR,BVME
2CRM,BVME,EUR,BVME
2SFER,BVME,EUR,BVME
SFER,BVME,EUR,BVME
1SBBB,BVME,EUR,BVME
1SAMP,BVME,EUR,BVME
1SAND,BVME,EUR,BVME
SL,BVME,EUR,BVME
2SAN,BVME,EUR,BVME
1SAN,BVME,EUR,BVME
4SAN,BVME,EUR,BVME
1SAP,BVME,EUR,BVME
2SAP,BVME,EUR,BVME
4SAP,BVME,EUR,BVME
1SRPT,BVME,EUR,BVME
1SRT,BVME,EUR,BVME
2SRT,BVME,EUR,BVME
4SRT,BVME,EUR,BVME
1SRT3,BVME,EUR,BVME
2SRT3,BVME,EUR,BVME
4SRT3,BVME,EUR,BVME
2DIM,BVME,EUR,BVME
4DIM,BVME,EUR,BVME
VARV,BVME,EUR,BVME
2SBMO,BVME,EUR,BVME
1SBO,BVME,EUR,BVME
1SCHN,BVME,EUR,BVME
1SCHP,BVME,EUR,BVME
2SU,BVME,EUR,BVME
4SU,BVME,EUR,BVME
1SXP,BVME,EUR,BVME
SCK,BVME,EUR,BVME
4SCR,BVME,EUR,BVME
2SCR,BVME,EUR,BVME
1G24,BVME,EUR,BVME
4STX,BVME,EUR,BVME
1STX,BVME,EUR,BVME
2STX,BVME,EUR,BVME
IOT,BVME,EUR,BVME
1SECT,BVME,EUR,BVME
1SECU,BVME,EUR,BVME
2SEM,BVME,EUR,BVME
1SRE,BVME,EUR,BVME
1SMTC,BVME,EUR,BVME
1SUS,BVME,EUR,BVME
SERI,BVME,EUR,BVME
2NOW,BVME,EUR,BVME
1NOW,BVME,EUR,BVME
4NOW,BVME,EUR,BVME
SES,BVME,EUR,BVME
1SEZL,BVME,EUR,BVME
SGC,BVME,EUR,BVME
1SGSN,BVME,EUR,BVME
4SHW,BVME,EUR,BVME
1SHW,BVME,EUR,BVME
2SHW,BVME,EUR,BVME
SIAV,BVME,EUR,BVME
SBC,BVME,EUR,BVME
4SIE,BVME,EUR,BVME
1SIE,BVME,EUR,BVME
2SIE,BVME,EUR,BVME
2ENR,BVME,EUR,BVME
1ENR,BVME,EUR,BVME
4ENR,BVME,EUR,BVME
4SHL,BVME,EUR,BVME
2SHL,BVME,EUR,BVME
1SHL,BVME,EUR,BVME
1SIGN,BVME,EUR,BVME
2LIGHT,BVME,EUR,BVME
1SIKA,BVME,EUR,BVME
1WAF,BVME,EUR,BVME
2WAF,BVME,EUR,BVME
4WAF,BVME,EUR,BVME
2SPG,BVME,EUR,BVME
1SPG,BVME,EUR,BVME
4SPG,BVME,EUR,BVME
SMN,BVME,EUR,BVME
1SINC,BVME,EUR,BVME
1SGLY,BVME,EUR,BVME
2SGLY,BVME,EUR,BVME
SIT,BVME,EUR,BVME
1SIX,BVME,EUR,BVME
2SIX,BVME,EUR,BVME
4SIX,BVME,EUR,BVME
4SEBA,BVME,EUR,BVME
2SEBA,BVME,EUR,BVME
1SEBA,BVME,EUR,BVME
1SKAB,BVME,EUR,BVME
1SKFB,BVME,EUR,BVME
1SKYW,BVME,EUR,BVME
1SWKS,BVME,EUR,BVME
4SWKS,BVME,EUR,BVME
2SWKS,BVME,EUR,BVME
1SLB,BVME,EUR,BVME
1S,BVME,EUR,BVME
2S,BVME,EUR,BVME
4S,BVME,EUR,BVME
SMCAP,BVME,EUR,BVME
2SRG,BVME,EUR,BVME
SRG,BVME,EUR,BVME
1SNAP,BVME,EUR,BVME
4SNAP,BVME,EUR,BVME
2SNAP,BVME,EUR,BVME
1SNA,BVME,EUR,BVME
1SNOW,BVME,EUR,BVME
4SNOW,BVME,EUR,BVME
2SNOW,BVME,EUR,BVME
SEIF,BVME,EUR,BVME
4GLE,BVME,EUR,BVME
1GLE,BVME,EUR,BVME
2GLE,BVME,EUR,BVME
2SW,BVME,EUR,BVME
4SW,BVME,EUR,BVME
1SOFI,BVME,EUR,BVME
2SOF,BVME,EUR,BVME
SFT,BVME,EUR,BVME
SGF,BVME,EUR,BVME
SOGES,BVME,EUR,BVME
2SOI,BVME,EUR,BVME
SOL,BVME,EUR,BVME
SCM,BVME,EUR,BVME
1SLR,BVME,EUR,BVME
1SLNO,BVME,EUR,BVME
S3D,BVME,EUR,BVME
2S30,BVME,EUR,BVME
4SOLBM,BVME,EUR,BVME
2SOLB,BVME,EUR,BVME
1SOLV,BVME,EUR,BVME
SOM,BVME,EUR,BVME
2SON,BVME,EUR,BVME
1SOON,BVME,EUR,BVME
2SOP,BVME,EUR,BVME
SOS,BVME,EUR,BVME
1LUV,BVME,EUR,BVME
2SPIE,BVME,EUR,BVME
SPN,BVME,EUR,BVME
2SPOT,BVME,EUR,BVME
1SPOT,BVME,EUR,BVME
4SPOT,BVME,EUR,BVME
1SFM,BVME,EUR,BVME
1SPSC,BVME,EUR,BVME
1SSAB,BVME,EUR,BVME
1SWK,BVME,EUR,BVME
STAR7,BVME,EUR,BVME
1SBUX,BVME,EUR,BVME
4SBUX,BVME,EUR,BVME
2SBUX,BVME,EUR,BVME
1STT,BVME,EUR,BVME
1STLD,BVME,EUR,BVME
2STLD,BVME,EUR,BVME
4STLD,BVME,EUR,BVME
2ST,BVME,EUR,BVME
1ST,BVME,EUR,BVME
4ST,BVME,EUR,BVME
2STLAM,BVME,EUR,BVME
STLAM,BVME,EUR,BVME
1STRL,BVME,EUR,BVME
STMMI,BVME,EUR,BVME
2STMMI,BVME,EUR,BVME
1STNE,BVME,EUR,BVME
1STER,BVME,EUR,BVME
2MSTR,BVME,EUR,BVME
1MSTR,BVME,EUR,BVME
4MSTR,BVME,EUR,BVME
1STMN,BVME,EUR,BVME
1SAX,BVME,EUR,BVME
1SYK,BVME,EUR,BVME
4SYK,BVME,EUR,BVME
2SYK,BVME,EUR,BVME
4SMCI,BVME,EUR,BVME
1SMCI,BVME,EUR,BVME
2SMCI,BVME,EUR,BVME
SVS,BVME,EUR,BVME
1SCAB,BVME,EUR,BVME
1SHBA,BVME,EUR,BVME
1UHR,BVME,EUR,BVME
1SWEC,BVME,EUR,BVME
1SWED,BVME,EUR,BVME
1SOBI,BVME,EUR,BVME
1SLHN,BVME,EUR,BVME
1SPSN,BVME,EUR,BVME
1SREN,BVME,EUR,BVME
1SCMN,BVME,EUR,BVME
1SYM,BVME,EUR,BVME
2SYM,BVME,EUR,BVME
1SYNA,BVME,EUR,BVME
1SYF,BVME,EUR,BVME
1SNPS,BVME,EUR,BVME
SYS,BVME,EUR,BVME
1SYY,BVME,EUR,BVME
1TROW,BVME,EUR,BVME
2TROW,BVME,EUR,BVME
4TROW,BVME,EUR,BVME
2TMUS,BVME,EUR,BVME
1TMUS,BVME,EUR,BVME
4TMUS,BVME,EUR,BVME
1TEG,BVME,EUR,BVME
1TTWO,BVME,EUR,BVME
1TLX,BVME,EUR,BVME
TALEA,BVME,EUR,BVME
1TLN,BVME,EUR,BVME
TIP,BVME,EUR,BVME
1TPR,BVME,EUR,BVME
1TRGP,BVME,EUR,BVME
2TGT,BVME,EUR,BVME
1TGT,BVME,EUR,BVME
4TGT,BVME,EUR,BVME
4TMV,BVME,EUR,BVME
1TMV,BVME,EUR,BVME
2TMV,BVME,EUR,BVME
1TECN,BVME,EUR,BVME
2TE,BVME,EUR,BVME
TGYM,BVME,EUR,BVME
TPRO,BVME,EUR,BVME
TCM,BVME,EUR,BVME
TCG,BVME,EUR,BVME
1TEL,BVME,EUR,BVME
TIT,BVME,EUR,BVME
2TIT,BVME,EUR,BVME
TITR,BVME,EUR,BVME
2TITR,BVME,EUR,BVME
1TDY,BVME,EUR,BVME
1TFX,BVME,EUR,BVME
1TEF,BVME,EUR,BVME
2TEF,BVME,EUR,BVME
4TEF,BVME,EUR,BVME
1TEA,BVME,EUR,BVME
4TEP,BVME,EUR,BVME
2TEP,BVME,EUR,BVME
TLS,BVME,EUR,BVME
1TELI,BVME,EUR,BVME
TLM,BVME,EUR,BVME
1TEMN,BVME,EUR,BVME
1TEM,BVME,EUR,BVME
2TEN,BVME,EUR,BVME
TEN,BVME,EUR,BVME
TNX,BVME,EUR,BVME
1THC,BVME,EUR,BVME
1TER,BVME,EUR,BVME
1WULF,BVME,EUR,BVME
TRN,BVME,EUR,BVME
2TRN,BVME,EUR,BVME
2TSLA,BVME,EUR,BVME
1TSLA,BVME,EUR,BVME
4TSLA,BVME,EUR,BVME
TES,BVME,EUR,BVME
TSL,BVME,EUR,BVME
1TTEK,BVME,EUR,BVME
1TXN,BVME,EUR,BVME
2TXN,BVME,EUR,BVME
4TXN,BVME,EUR,BVME
1TXRH,BVME,EUR,BVME
1TXT,BVME,EUR,BVME
2TFI,BVME,EUR,BVME
1TGTX,BVME,EUR,BVME
2HO,BVME,EUR,BVME
4HO,BVME,EUR,BVME
1BK,BVME,EUR,BVME
2BK,BVME,EUR,BVME
4BK,BVME,EUR,BVME
1CPB,BVME,EUR,BVME
1CLX,BVME,EUR,BVME
4CLX,BVME,EUR,BVME
2CLX,BVME,EUR,BVME
4KO,BVME,EUR,BVME
2KO,BVME,EUR,BVME
1KO,BVME,EUR,BVME
TISG,BVME,EUR,BVME
2KHC,BVME,EUR,BVME
1KHC,BVME,EUR,BVME
4KHC,BVME,EUR,BVME
1SO,BVME,EUR,BVME
4SO,BVME,EUR,BVME
2SO,BVME,EUR,BVME
1TRV,BVME,EUR,BVME
2TRVC,BVME,EUR,BVME
4TRV,BVME,EUR,BVME
2DIS,BVME,EUR,BVME
1DIS,BVME,EUR,BVME
4DIS,BVME,EUR,BVME
1TMO,BVME,EUR,BVME
2TMO,BVME,EUR,BVME
4TMO,BVME,EUR,BVME
1THUL,BVME,EUR,BVME
2TKA,BVME,EUR,BVME
4TKA,BVME,EUR,BVME
1TKA,BVME,EUR,BVME
TNXT,BVME,EUR,BVME
4TJX,BVME,EUR,BVME
1TJX,BVME,EUR,BVME
2TJX,BVME,EUR,BVME
2TWEKA,BVME,EUR,BVME
TMP,BVME,EUR,BVME
1TOST,BVME,EUR,BVME
1TOL,BVME,EUR,BVME
TYA,BVME,EUR,BVME
2TTE,BVME,EUR,BVME
4TTE,BVME,EUR,BVME
1TPG,BVME,EUR,BVME
TPS,BVME,EUR,BVME
1TSCO,BVME,EUR,BVME
1TTD,BVME,EUR,BVME
TRAI,BVME,EUR,BVME
1TTH,BVME,EUR,BVME
1TDG,BVME,EUR,BVME
1TMDX,BVME,EUR,BVME
1TRU,BVME,EUR,BVME
28TRA,BVME,EUR,BVME
48TRA,BVME,EUR,BVME
18TRA,BVME,EUR,BVME
TWL,BVME,EUR,BVME
TD,BVME,EUR,BVME
TFIN,BVME,EUR,BVME
TB,BVME,EUR,BVME
2TRI,BVME,EUR,BVME
1TRMB,BVME,EUR,BVME
1TRIP,BVME,EUR,BVME
2TRIP,BVME,EUR,BVME
4TRIP,BVME,EUR,BVME
1TFC,BVME,EUR,BVME
4TFC,BVME,EUR,BVME
2TFC,BVME,EUR,BVME
2TUI1U,BVME,EUR,BVME
1TUI1U,BVME,EUR,BVME
4TUI1U,BVME,EUR,BVME
1TWST,BVME,EUR,BVME
TXT,BVME,EUR,BVME
1TYL,BVME,EUR,BVME
1TSN,BVME,EUR,BVME
UBA,BVME,EUR,BVME
1UBER,BVME,EUR,BVME
4UBER,BVME,EUR,BVME
2UBER,BVME,EUR,BVME
4UBI,BVME,EUR,BVME
2UBI,BVME,EUR,BVME
1UBSG,BVME,EUR,BVME
U24,BVME,EUR,BVME
4UCB,BVME,EUR,BVME
2UCB,BVME,EUR,BVME
1PATH,BVME,EUR,BVME
1ULTA,BVME,EUR,BVME
1UMBF,BVME,EUR,BVME
2UMG,BVME,EUR,BVME
2UMI,BVME,EUR,BVME
4UMI,BVME,EUR,BVME
4UAA,BVME,EUR,BVME
1UAA,BVME,EUR,BVME
2UAA,BVME,EUR,BVME
2URW,BVME,EUR,BVME
1UNI,BVME,EUR,BVME
UCG,BVME,EUR,BVME
2UCG,BVME,EUR,BVME
UD,BVME,EUR,BVME
1UNP,BVME,EUR,BVME
2UNP,BVME,EUR,BVME
4UNP,BVME,EUR,BVME
4UN,BVME,EUR,BVME
2UN,BVME,EUR,BVME
1UN,BVME,EUR,BVME
UNI,BVME,EUR,BVME
2UNIP,BVME,EUR,BVME
1UQA,BVME,EUR,BVME
4UAL,BVME,EUR,BVME
1UAL,BVME,EUR,BVME
2UAL,BVME,EUR,BVME
4UTDI,BVME,EUR,BVME
2UTDI,BVME,EUR,BVME
1UTDI,BVME,EUR,BVME
1UPS,BVME,EUR,BVME
1URI,BVME,EUR,BVME
4UNH,BVME,EUR,BVME
2UNH,BVME,EUR,BVME
1UNH,BVME,EUR,BVME
1USFT,BVME,EUR,BVME
1UPM,BVME,EUR,BVME
1UPST,BVME,EUR,BVME
1UPWK,BVME,EUR,BVME
1UEC,BVME,EUR,BVME
2USB,BVME,EUR,BVME
4USB,BVME,EUR,BVME
1USB,BVME,EUR,BVME
2VLK,BVME,EUR,BVME
2VFC,BVME,EUR,BVME
4VFC,BVME,EUR,BVME
1VFC,BVME,EUR,BVME
4FR,BVME,EUR,BVME
2FR,BVME,EUR,BVME
1VLO,BVME,EUR,BVME
VLC,BVME,EUR,BVME
1VLY,BVME,EUR,BVME
2VK,BVME,EUR,BVME
1VALM,BVME,EUR,BVME
4VLA,BVME,EUR,BVME
2VLA,BVME,EUR,BVME
VLS,BVME,EUR,BVME
VLT,BVME,EUR,BVME
VNT,BVME,EUR,BVME
1VRNS,BVME,EUR,BVME
1VACN,BVME,EUR,BVME
1PCVX,BVME,EUR,BVME
1VEEV,BVME,EUR,BVME
4VIE,BVME,EUR,BVME
2VIE,BVME,EUR,BVME
2VRLA,BVME,EUR,BVME
1VLTO,BVME,EUR,BVME
2VBK,BVME,EUR,BVME
4VBK,BVME,EUR,BVME
1VBK,BVME,EUR,BVME
4VER,BVME,EUR,BVME
1VER,BVME,EUR,BVME
1VRSN,BVME,EUR,BVME
1VRSK,BVME,EUR,BVME
2VZ,BVME,EUR,BVME
1VZ,BVME,EUR,BVME
4VZ,BVME,EUR,BVME
1VERX,BVME,EUR,BVME
2VRTX,BVME,EUR,BVME
1VRTX,BVME,EUR,BVME
4VRTX,BVME,EUR,BVME
1VRT,BVME,EUR,BVME
2VTRS,BVME,EUR,BVME
1VTRS,BVME,EUR,BVME
4VTRS,BVME,EUR,BVME
1VID,BVME,EUR,BVME
1VIG,BVME,EUR,BVME
1VKTX,BVME,EUR,BVME
VIM,BVME,EUR,BVME
2DG,BVME,EUR,BVME
4DG,BVME,EUR,BVME
VNXT,BVME,EUR,BVME
2VIRP,BVME,EUR,BVME
1SPCE,BVME,EUR,BVME
2SPCE,BVME,EUR,BVME
4SPCE,BVME,EUR,BVME
2CGG,BVME,EUR,BVME
4V,BVME,EUR,BVME
2V,BVME,EUR,BVME
1V,BVME,EUR,BVME
1VIS,BVME,EUR,BVME
1VST,BVME,EUR,BVME
1VITL,BVME,EUR,BVME
VVG,BVME,EUR,BVME
1VIV,BVME,EUR,BVME
4VIV,BVME,EUR,BVME
2VIV,BVME,EUR,BVME
VNE,BVME,EUR,BVME
4VOE,BVME,EUR,BVME
1VOE,BVME,EUR,BVME
4VOW3,BVME,EUR,BVME
4VOW,BVME,EUR,BVME
1VOW3,BVME,EUR,BVME
2VOW3,BVME,EUR,BVME
2VLTSA,BVME,EUR,BVME
4VOLVB,BVME,EUR,BVME
2VOLVB,BVME,EUR,BVME
1VOLVB,BVME,EUR,BVME
1VOLC,BVME,EUR,BVME
4VNA,BVME,EUR,BVME
1VNA,BVME,EUR,BVME
2VNA,BVME,EUR,BVME
2VPK,BVME,EUR,BVME
1VMC,BVME,EUR,BVME
2SESL,BVME,EUR,BVME
WAAT26,BVME,EUR,BVME
WABC29,BVME,EUR,BVME
WACQ26,BVME,EUR,BVME
WDEA27,BVME,EUR,BVME
WABTG,BVME,EUR,BVME
WAMB26,BVME,EUR,BVME
WART28,BVME,EUR,BVME
WELES,BVME,EUR,BVME
WFTC26,BVME,EUR,BVME
WGML27,BVME,EUR,BVME
WGIS26,BVME,EUR,BVME
WGT27,BVME,EUR,BVME
WHIK26,BVME,EUR,BVME
WHLX26,BVME,EUR,BVME
WINC26,BVME,EUR,BVME
WIVN26,BVME,EUR,BVME
WLS26,BVME,EUR,BVME
WMARK,BVME,EUR,BVME
WNUS26,BVME,EUR,BVME
WPAL26,BVME,EUR,BVME
WPOZ27,BVME,EUR,BVME
1WRB,BVME,EUR,BVME
WRPTN,BVME,EUR,BVME
WSGC28,BVME,EUR,BVME
WSBCA,BVME,EUR,BVME
WSBCB,BVME,EUR,BVME
WSBCC,BVME,EUR,BVME
WSOGES,BVME,EUR,BVME
WSOS26,BVME,EUR,BVME
WTWL26,BVME,EUR,BVME
WVNXT,BVME,EUR,BVME
1WCH,BVME,EUR,BVME
4WCH,BVME,EUR,BVME
2WCH,BVME,EUR,BVME
1WALL,BVME,EUR,BVME
4WMT,BVME,EUR,BVME
1WMT,BVME,EUR,BVME
2WMT,BVME,EUR,BVME
2WBDA,BVME,EUR,BVME
1WBD,BVME,EUR,BVME
4WBD,BVME,EUR,BVME
WDHH28,BVME,EUR,BVME
WEGB26,BVME,EUR,BVME
WEXE26,BVME,EUR,BVME
WGAIN,BVME,EUR,BVME
WGEO26,BVME,EUR,BVME
WSMN26,BVME,EUR,BVME
WTLM28,BVME,EUR,BVME
1WRT,BVME,EUR,BVME
2WM,BVME,EUR,BVME
1WM,BVME,EUR,BVME
4WM,BVME,EUR,BVME
1WAT,BVME,EUR,BVME
1WSO,BVME,EUR,BVME
1W,BVME,EUR,BVME
WDIT27,BVME,EUR,BVME
2WDP,BVME,EUR,BVME
1WFRD,BVME,EUR,BVME
WBS,BVME,EUR,BVME
2WBD,BVME,EUR,BVME
WBD,BVME,EUR,BVME
WBDR,BVME,EUR,BVME
1WEC,BVME,EUR,BVME
2WEC,BVME,EUR,BVME
4WEC,BVME,EUR,BVME
1WFC,BVME,EUR,BVME
4WFC,BVME,EUR,BVME
2WFC,BVME,EUR,BVME
2MF,BVME,EUR,BVME
1WEN,BVME,EUR,BVME
1WST,BVME,EUR,BVME
2WDC,BVME,EUR,BVME
1WDC,BVME,EUR,BVME
4WDC,BVME,EUR,BVME
1WAB,BVME,EUR,BVME
1WY,BVME,EUR,BVME
4WY,BVME,EUR,BVME
2WY,BVME,EUR,BVME
4URW,BVME,EUR,BVME
WFCT26,BVME,EUR,BVME
1WIE,BVME,EUR,BVME
1WIHL,BVME,EUR,BVME
WIIT,BVME,EUR,BVME
1WMB,BVME,EUR,BVME
1WSM,BVME,EUR,BVME
1WTW,BVME,EUR,BVME
1WSC,BVME,EUR,BVME
2WKL,BVME,EUR,BVME
2WDAY,BVME,EUR,BVME
1WDAY,BVME,EUR,BVME
4WDAY,BVME,EUR,BVME
2WLN,BVME,EUR,BVME
WPSQ26,BVME,EUR,BVME
1GWW,BVME,EUR,BVME
1WYNN,BVME,EUR,BVME
1XEL,BVME,EUR,BVME
XHS,BVME,EUR,BVME
1XP,BVME,EUR,BVME
1XYL,BVME,EUR,BVME
YKY,BVME,EUR,BVME
YOLO,BVME,EUR,BVME
1YUM,BVME,EUR,BVME
2ZAL,BVME,EUR,BVME
1ZAL,BVME,EUR,BVME
4ZAL,BVME,EUR,BVME
1ZBRA,BVME,EUR,BVME
ZEST,BVME,EUR,BVME
ZV,BVME,EUR,BVME
1ZGU,BVME,EUR,BVME
1ZUS,BVME,EUR,BVME
1ZBH,BVME,EUR,BVME
1ZTS,BVME,EUR,BVME
4ZTS,BVME,EUR,BVME
2ZTS,BVME,EUR,BVME
4ZM,BVME,EUR,BVME
1ZM,BVME,EUR,BVME
2ZM,BVME,EUR,BVME
1ZI,BVME,EUR,BVME
1ZS,BVME,EUR,BVME
ZUC,BVME,EUR,BVME
1ZURN,BVME,EUR,BVME
